fec_committee_id	display_name	industry	current_tags	audited_sector	usd
C00007880	AMERICA'S CREDIT UNIONS PAC OF CREDIT UNION NATIONAL ASSOCIATION, INC.	finance	finance+labor	credit_union	9413500
C00694323	WINRED	NONE	lobby	leadership_or_party_pac	8888520
C00040998	NATIONAL AUTOMOBILE DEALERS ASSOCIATION POLITICAL ACTION COMMITTEE	retail	retail+transportation	retail_general	8864500
C00002469	MACHINISTS NON PARTISAN POLITICAL LEAGUE OF THE INTERNATIONAL ASSOCIATION OF MACHINISTS & AEROSPACE WORKERS	labor	defense+labor	labor_union	7493000
C00096156	HONEYWELL INTERNATIONAL POLITICAL ACTION COMMITTEE	manufacturing	defense+tech	industrial_manufacturing	7428000
C00010868	AMERICAN COUNCIL OF ENGINEERING COMPANIES (ACEC/PAC)	real_estate	pharma+real_estate	engineering_construction	7143150
C00002972	NATIONAL RURAL ELECTRIC COOPERATIVE ASSOCIATION AMERICA'S ELECTRIC COOPERATIVES PAC	utilities	agriculture+oil_gas+retail	rural_electric_coop	6828399
C00035451	AIR LINE PILOTS ASSOCIATION PAC	labor	labor+transportation	labor_union	6291000
C00007542	INTERNATIONAL ASSOCIATION OF SHEET METAL, AIR, RAIL AND TRANSPORTATION WORKERS POLITICAL ACTION LEAGUE	labor	labor+transportation	labor_union	5881100
C00024968	AMERICAN OPTOMETRIC ASSOCIATION POLITICAL ACTION COMMITTEE	health	lobby+pharma	health_provider	5699849
C00211318	DELOITTE POLITICAL ACTION COMMITTEE	legal	finance+legal	accounting_consulting	5648000
C00227744	ERNST & YOUNG POLITICAL ACTION COMMITTEE	legal	finance+legal	accounting_consulting	5296000
C00467431	THE EYE OF THE TIGER POLITICAL ACTION COMMITTEE	NONE	lobby	leadership_or_party_pac	5238000
C00004036	SEIU COPE (SERVICE EMPLOYEES INTERNATIONAL UNION COMMITTEE ON POLITICAL EDUCATION)	labor	agriculture+labor	labor_union	4733700
C00428052	MAJORITY COMMITTEE PAC--MC PAC	NONE	lobby	leadership_or_party_pac	4717500
C00027466	NRSC	NONE	lobby	leadership_or_party_pac	4239857
C00004812	MORTGAGE BANKERS ASSOCIATION POLITICAL ACTION COMMITTEE (MORPAC)	finance	finance+real_estate	mortgage_finance	4126250
C00193631	THE FARM CREDIT COUNCIL POLITICAL ACTION COMMITTEE	finance	agriculture+finance	bank	4081335
C00542365	TOYOTA MOTOR NORTH AMERICA, INC POLITICAL ACTION COMMITTEE (TOYOTA/LEXUS PAC)	manufacturing	transportation	auto_manufacturing	4066139
C00113811	NATIONAL ELECTRICAL CONTRACTORS ASSOCIATION POLITICAL ACTION COMMITTEE	real_estate	labor	construction_contractor	3765000
C00448373	HUCK PAC	NONE	lobby	leadership_or_party_pac	3720000
C00089458	NATIONAL STONE, SAND & GRAVEL ASSOCIATION ROCKPAC	mining	agriculture+real_estate	hardrock_mining	3697000
C00441949	JSTREETPAC	lobby	legal+lobby	single_issue_advocacy	3693347
C00359539	AMERICAN ACADEMY OF DERMATOLOGY ASSOCIATION POLITICAL ACTION COMMITTEE (SKINPAC)	health	lobby+pharma	health_provider	3619500
C00271338	AMERIPAC: THE FUND FOR A GREATER AMERICA	NONE	lobby	leadership_or_party_pac	3603900
C00076810	GENERAL MOTORS COMPANY POLITICAL ACTION COMMITTEE (GM PAC)	manufacturing	transportation	auto_manufacturing	3603750
C00477653	COX ENTERPRISES PAC (COXPAC) INC.	tech	retail+tech	telecom_cable	3454000
C00002766	UNITED FOOD AND COMMERCIAL WORKERS INTERNATIONAL UNION ACTIVE BALLOT CLUB	labor	labor+retail	labor_union	3444550
C00008268	TRANSPORT WORKERS UNION OF AMERICA POLITICAL CONTRIBUTIONS COMMITTEE	labor	labor+transportation	labor_union	3388000
C00010470	UNION PACIFIC CORP. FUND FOR EFFECTIVE GOVERNMENT	transportation	labor+transportation	railroad	3349547
C00411116	SPACE EXPLORATION TECHNOLOGIES CORP. PAC	defense	tech	aerospace_civil	3309000
C00140061	NATIONAL EMERGENCY MEDICINE POLITICAL ACTION COMMITTEE / AMERICAN COLLEGE OF EMERGENCY PHYSICIANS	health	lobby+pharma	health_provider	3230700
C00267849	ALLIED PILOTS ASSOCIATION POLITICAL ACTION COMMITTEE	labor	labor+transportation	labor_union	3195500
C00009985	NATIONAL ASSOCIATION OF BROADCASTERS POLITICAL ACTION COMMITTEE (NABPAC)	media	tech	media_entertainment	3174233
C00148031	CATERPILLAR INC. POLITICAL ACTION COMMITTEE (CATPAC)	manufacturing	defense+retail	industrial_manufacturing	3127500
C00563726	MR. SOUTHERN MISSOURIAN IN THE HOUSE PAC	NONE	lobby+real_estate	leadership_or_party_pac	2979000
C00344234	PAC TO THE FUTURE	NONE	lobby	leadership_or_party_pac	2880000
C00617803	JOBS, EDUCATION, & FAMILIES FIRST  JEFF PAC	NONE	lobby	leadership_or_party_pac	2874500
C00639229	AMERICAN REVIVAL PAC	NONE	lobby	unknown_abstract_pac	2861800
C00592089	ELECTING MAJORITY MAKING EFFECTIVE REPUBLICANS PAC	NONE	legal+lobby	leadership_or_party_pac	2821500
C00303339	NATIONAL ASSOCIATION OF REAL ESTATE INVESTMENT TRUSTS, INC. POLITICAL ACTION COMMITTEE	real_estate	finance+real_estate	real_estate	2798000
C00173153	AMERICAN ASSOCIATION OF NURSE ANESTHETISTS SEPARATE SEGREGATED FUND (CRNA-PAC)	health	labor+pharma	health_provider	2705750
C00280222	KPMG PARTNERS/PRINCIPALS AND EMPLOYEES PAC	legal	legal+lobby	accounting_consulting	2677350
C00480863	NATIONAL SHOOTING SPORTS FOUNDATION, INC. POLITICAL ACTION COMMITTEE (NSSF PAC)	lobby	retail	single_issue_advocacy	2570822
C00580068	PROGRESSIVE TURNOUT PROJECT	lobby	legal+lobby	ideological_advocacy	2532374
C00066472	AMERICAN PROPERTY CASUALTY INSURANCE ASSOCIATION POLITICAL ACTION COMMITTEE (INSURING AMERICA PAC)	finance	finance+real_estate	insurance	2521900
C00552851	HOUSE FREEDOM FUND	NONE	lobby	leadership_or_party_pac	2471218
C00574970	FAIR SHOT PAC	NONE	legal+lobby	unknown_abstract_pac	2459104
C00250399	AUTOMOTIVE FREE INTERNATIONAL TRADE PAC	retail	transportation	retail_general	2458000
C00091561	NATIONAL ACTIVE AND RETIRED FEDERAL EMPLOYEES ASSOCIATION POLITICAL ACTION COM (NARFE-PAC)	NONE	labor	professional_assoc_other	2429500
C00346353	CRH AMERICAS, INC. PAC	manufacturing	real_estate	industrial_manufacturing	2421100
C00431361	TEACHERS INSURANCE ANNUITY ASSOCIATION OF AMERICA PAC (TIAA PAC)	finance	finance+labor	insurance	2417500
C00570226	SEAL PAC SUPPORTING ELECTING AMERICAN LEADERS PAC	NONE	defense	leadership_or_party_pac	2413500
C00573261	END CITIZENS UNITED	lobby	legal+lobby	single_issue_advocacy	2368160
C00340943	DAVITA INC. POLITICAL ACTION COMMITTEE (DAPAC)	health	labor+pharma	health_provider	2354000
C00002840	UAW - V - CAP (UAW VOLUNTARY COMMUNITY ACTION PROGRAM) 'INT'L UNION UNITED AUTOMOBILE AEROSPACE & AGRICULTURAL IMPLEMENT WORKERS OF AMERICA UAW	labor	defense+labor	labor_union	2341900
C00064774	NEXTERA ENERGY, INC. POLITICAL ACTION COMMITTEE	utilities	oil_gas	electric_utility	2338800
C00104299	JPMORGAN CHASE & CO. FEDERAL POLITICAL ACTION COMMITTEE	finance	defense+finance	bank	2278000
C00204099	DEERE & COMPANY PAC (AKA JOHN DEERE PAC)	manufacturing	agriculture	industrial_manufacturing	2252000
C00084491	INTERNATIONAL FRANCHISE ASSOCIATION FRANCHISING POLITICAL ACTION COMMITTEE INC	lobby	retail	business_trade_assoc_multisector	2252000
C00409730	NEW DEMOCRAT COALITION ACTION FUND	NONE	lobby	leadership_or_party_pac	2223051
C00685297	ELECT DEMOCRATIC WOMEN	NONE	lobby	leadership_or_party_pac	2208690
C00196246	AMERICAN ACADEMY OF OPHTHALMOLOGY INC POLITICAL COMMITTEE (OPHTHPAC)	health	legal	health_provider	2200000
C00350744	THE GOLDMAN SACHS GROUP, INC. POLITICAL ACTION COMMITTEE	finance	finance+tech	securities_investment	2187500
C00072025	NATIONAL RURAL LETTER CARRIERS' ASSOCIATION POLITICAL ACTION COMMITTEE	labor	agriculture+labor	labor_union	2173500
C00027532	AMERICAN MARITIME OFFICERS VOLUNTARY POLITICAL ACTION FUND	labor	transportation	labor_union	2064971
C00540187	INNOVATION POLITICAL ACTION COMMITTEE	NONE	tech	unknown_abstract_pac	2062000
C00271007	HUMANA INC. POLITICAL ACTION COMMITTEE	health	finance+pharma	health_insurer	2037400
C00771246	JOHNSON LEADERSHIP FUND	NONE	lobby	leadership_or_party_pac	2000000
C00363879	ENTERGY CORPORATION EMPLOYEE POLITICAL ACTION COMMITTEE (ENPAC)	utilities	oil_gas	electric_utility	1995500
C00336743	ASIAN AMERICAN HOTEL OWNERS ASSOCIATION PAC (AAHOA PAC)	retail	real_estate	hospitality_travel	1981500
C00252940	LEAGUE OF CONSERVATION VOTERS ACTION FUND	lobby	agriculture	single_issue_advocacy	1952841
C00083535	DUKE ENERGY CORPORATION PAC	utilities	oil_gas	electric_utility	1930100
C00384818	CVS HEALTH PAC	health	pharma+retail	health_insurer	1885500
C00544817	STATE FARM MUTUAL AUTOMOBILE INSURANCE COMPANY FEDERAL POLITICAL ACTION COMMITTEE (STATE FARM FEDERAL PAC)	finance	agriculture+finance	insurance	1867775
C00764233	DEFEND THE VOTE	lobby	legal+lobby	single_issue_advocacy	1866000
C00012914	AMERICAN LAND TITLE ASSOCIATION TITLE INDUSTRY PAC (TIPAC)	finance	real_estate	financial_trade_assoc	1823500
C00107300	AMERICAN AIRLINES INC. POLITICAL ACTION COMMITTEE (AAPAC)	transportation	finance+transportation	airline	1807900
C00252338	AMERICAN CHEMISTRY COUNCIL PAC	manufacturing	oil_gas	chemicals	1803880
C00749481	RAPTOR PAC	NONE	lobby	unknown_abstract_pac	1764300
C00623512	IN THE ARENA PAC	NONE	lobby	unknown_abstract_pac	1737440
C00004473	NATIONAL TELECOMMUNICATIONS COOPERATIVE ASSOCIATION RURAL BROADBAND PAC	tech	agriculture+tech	telecom_cable	1735450
C00165159	REPUBLICAN MAINSTREET PARTNERSHIP PAC	NONE	lobby	leadership_or_party_pac	1707000
C00013961	SHEET METAL & AIR CONDITIONING CONTRACTORS' NATIONAL ASSOC., INC. POLITICAL ACTION COMMITTEE	real_estate	labor	construction_contractor	1698600
C00503680	CROP INSURANCE PROFESSIONALS ASSOCIATION PAC-CIPA PAC	finance	agriculture+finance	financial_trade_assoc	1692810
C00034405	INTERNATIONAL PAPER POLITICAL ACTION COMMITTEE (IP-PAC)	manufacturing	agriculture+retail	industrial_manufacturing	1691000
C00114132	AMERICAN VETERINARY MEDICAL ASSOCIATION POLITICAL ACTION COMMITTEE	health	legal+pharma	health_trade_assoc	1690500
C00219642	ENTERPRISE HOLDINGS, INC. / ENTERPRISE MOBILITY POLITICAL ACTION COMMITTEE	retail	transportation	hospitality_travel	1667250
C00375360	AMERICAN COLLEGE OF CARDIOLOGY PAC (HEARTPAC)	health	labor+pharma	health_trade_assoc	1659000
C00095869	POWERPAC OF THE EDISON ELECTRIC INSTITUTE	utilities	oil_gas	electric_utility	1639800
C00451153	GRIDIRON-PAC	NONE	defense+lobby	unknown_abstract_pac	1612000
C00540146	FIRST IN FREEDOM PAC	NONE	lobby	unknown_abstract_pac	1584350
C00411553	AMERICAN ACADEMY OF FAMILY PHYSICIANS POLITICAL ACTION COMMITTEE (FAMMEDPAC)	health	legal+pharma	health_trade_assoc	1579300
C00570945	E-PAC	NONE	lobby+tech	leadership_or_party_pac	1579000
C00422774	FRONTLINE USA	NONE	defense+lobby	unknown_abstract_pac	1501775
C00433060	REPUBLICAN GOVERNANCE GROUP/TUESDAY GROUP PAC	NONE	lobby	leadership_or_party_pac	1499000
C00379628	NUCOR CORPORATION POLITICAL ACTION COMMITTEE	manufacturing	defense	steel_metals	1479776
C00397851	CENTENE CORPORATION POLITICAL ACTION COMMITTEE (CENTENE PAC)	health	finance+pharma	health_insurer	1474100
C00340075	BASF CORPORATION EMPLOYEES POLITICAL ACTION COMMITTEE	manufacturing	pharma+tech	chemicals	1454750
C00144774	SOUTHERN COMPANY EMPLOYEES PAC	utilities	oil_gas	electric_utility	1444500
C00497131	PURPOSE PAC	NONE	lobby	unknown_abstract_pac	1432500
C00852012	TEAM MCCORMICK	NONE	lobby	leadership_or_party_pac	1420257
C00262295	CTIA - THE WIRELESS ASSOCIATION POLITICAL ACTION COMMITTEE	tech	finance+tech	telecom_cable	1402000
C00404392	CONSERVATIVE OPPORTUNITY LEADERSHIP AND ENTERPRISE PAC	NONE	lobby	leadership_or_party_pac	1382500
C00495028	HMP	NONE	finance+lobby	unknown_abstract_pac	1377500
C00360669	SOUTHWEST AIRLINES PILOTS' ASSOCIATION POLITICAL ACTION COMMITTEE (SWAPA PAC)	labor	labor+transportation	labor_union	1370500
C00019653	EDISON INTERNATIONAL PAC	utilities	oil_gas	electric_utility	1357400
C00573709	CA LUV PAC (CALIFORNIA LEADERSHIP UNITED FOR VICTORY PAC)	NONE	lobby	unknown_abstract_pac	1355860
C00279216	IHEARTMEDIA INC. PAC	media	tech	media_entertainment	1353320
C00399196	BUILDING RELATIONSHIPS IN DIVERSE GEOGRAPHIC ENVIRONMENTS PAC	NONE	lobby+real_estate	leadership_or_party_pac	1345500
C00000935	DCCC	NONE	lobby	leadership_or_party_pac	1332936
C00007948	WEYERHAEUSER COMPANY POLITICAL ACTION COMMITTEE	manufacturing	agriculture+real_estate	industrial_manufacturing	1329500
C00245548	NATIONAL MARINE MANUFACTURERS ASSOCIATION AND MARINE RETAILERS ASSOCIATION BOAT PAC	manufacturing	retail	industrial_manufacturing	1326000
C00114025	NATIONAL READY MIXED CONCRETE ASSN. PAC (CONCRETEPAC)	real_estate	real_estate+transportation	construction_contractor	1316000
C00435933	AMERICAN ACADEMY OF NEUROLOGY BRAINPAC	health	labor+pharma	health_trade_assoc	1312000
C00108209	DOMINION ENERGY, INC. POLITICAL ACTION COMMITTEE - DOMINION PAC	utilities	oil_gas	electric_utility	1303700
C00015933	PINNACLE WEST CAPITAL CORPORATION PAC	utilities	finance	electric_utility	1301500
C00450692	POET PAC	utilities	agriculture	renewables	1301000
C00141218	EXELON CORPORATION POLITICAL ACTION COMMITTEE	utilities	oil_gas	electric_utility	1296500
C00365536	CHC BOLD PAC	NONE	lobby	leadership_or_party_pac	1270045
C00326439	HOUSE CONSERVATIVES FUND	NONE	lobby	leadership_or_party_pac	1269500
C00008839	AMERICAN PODIATRIC MEDICAL ASSOCIATION POLITICAL ACTION COMMITTEE	health	legal+pharma	health_trade_assoc	1264000
C00557793	BLUE ORIGIN LLC POLITICAL ACTION COMMITTEE (BLUE ORIGIN PAC)	defense	defense+tech	aerospace_civil	1259100
C00046474	FORD MOTOR COMPANY CIVIC ACTION FUND	manufacturing	transportation	auto_manufacturing	1257500
C00488262	NETJETS ASSOCIATION OF SHARED AIRCRAFT PILOTS PAC; NJASAP PAC	labor	transportation	labor_union	1257500
C00013342	UNITED MINE WORKERS OF AMERICA - COAL MINERS POLITICAL ACTION COMMITTEE	labor	labor+oil_gas	labor_union	1234500
C00793711	CONSTELLATION ENERGY CORPORATION EMPLOYEE POLITICAL ACTION COMMITTEE (CEPAC)	utilities	oil_gas	nuclear	1227000
C00188177	H&R BLOCK INC. POLITICAL ACTION COMMITTEE (BLOCKPAC)	legal	finance	accounting_consulting	1210750
C00008748	SEMPRA ENERGY EMPLOYEES POLITICAL ACTION COMMITTEE- FEDERAL	utilities	oil_gas	gas_utility	1205000
C00432260	CLUB FOR GROWTH PAC	lobby	finance+lobby	ideological_advocacy	1184473
C00495887	TOMORROW IS MEANINGFUL PAC	NONE	lobby	leadership_or_party_pac	1181000
C00177469	PG&E CORPORATION EMPLOYEES ENERGYPAC	utilities	finance+oil_gas	electric_utility	1178858
C00504530	CONGRESSIONAL LEADERSHIP FUND	NONE	lobby	leadership_or_party_pac	1176600
C00475665	GROWTH ENERGY PAC	utilities	agriculture	renewables	1160250
C00097865	NATSO INC. NATSO PAC	oil_gas	transportation	fuel_marketing_distribution	1157000
C00414474	AMERIPRISE FINANCIAL INC. POLITICAL ACTION COMMITTEE (AMERIPRISEPAC)	finance	finance+lobby	securities_investment	1156500
C00034132	FLUOR CORPORATION POLITICAL ACTION COMMITTEE (FLUOR PAC)	real_estate	defense+lobby	engineering_construction	1149500
C00131185	AIRCRAFT OWNERS AND PILOTS ASSOCIATION POLITICAL ACTION COMMITTEE	NONE	transportation	professional_assoc_other	1140500
C00274944	COLLEGE OF AMERICAN PATHOLOGISTS POLITICAL ACTION COMMITTEE	health	legal+pharma	health_trade_assoc	1138800
C00418897	VOTEVETS	lobby	defense+lobby	ideological_advocacy	1138500
C00325936	SOCIETY OF THORACIC SURGEONS POLITICAL ACTION COMMITTEE	health	lobby+pharma	health_trade_assoc	1128000
C00244863	NATIONAL ROOFING CONTRACTORS ASSOCIATION ROOF PAC	real_estate	labor	construction_contractor	1125500
C00469429	CMR POLITICAL ACTION COMMITTEE	NONE	legal	leadership_or_party_pac	1120000
C00572271	BUILDING AMERICA'S REPUBLICAN REPRESENTATION PAC	NONE	finance+lobby	leadership_or_party_pac	1107780
C00296640	REPUBLICAN MAJORITY FUND	NONE	lobby	leadership_or_party_pac	1107563
C00034488	ANHEUSER-BUSCH COMPANIES LLC POLITICAL ACTION COMMITTEE	retail	agriculture+retail	alcohol	1105000
C00373696	AMERICAN PSYCHIATRIC ASSOCIATION POLITICAL ACTION COMMITTEE	health	legal+pharma	health_trade_assoc	1075500
C00150367	NATIONAL VENTURE CAPITAL ASSOCIATION VENTUREPAC	finance	finance+tech	private_equity_vc	1059000
C00199711	HEALTH CARE SERVICE CORPORATION EMPLOYEES' POLITICAL ACTION COMMITTEE	health	finance+pharma	health_insurer	1058500
C00541169	NATIONAL ASSOCIATION OF MANUFACTURERS PAC (NAM-PAC)	manufacturing	lobby+manufacturing	industrial_manufacturing	1053000
C00112896	CONOCOPHILLIPS SPIRIT PAC	oil_gas	oil_gas+tech	oil_gas_upstream	1048000
C00139659	JOINT ACTION COMMITTEE FOR POLITICAL AFFAIRS	lobby	labor+lobby	single_issue_advocacy	1041835
C00693002	FOX CORPORATION POLITICAL ACTION COMMITTEE (FOX PAC)	media	retail+tech	media_entertainment	1038600
C00363945	SYNGENTA CORPORATION EMPLOYEE POLITICAL ACTION COMMITTEE	manufacturing	agriculture	chemicals	1034500
C00358903	AMERICAN ASSOCIATION OF NURSE PRACTITIONERS POLITICAL ACTION COMMITTEE	health	legal+pharma	health_trade_assoc	1031500
C00410068	FRATERNITY & SORORITY POLITICAL ACTION COMMITTEE	NONE	lobby	education	1022500
C00239848	NUCLEAR ENERGY INSTITUTE FEDERAL POLITICAL ACTION COMMITTEE	utilities	defense+oil_gas	nuclear	1017100
C00493700	BLUE HEN FEDERAL PAC	NONE	labor+lobby	leadership_or_party_pac	1008416
C00268904	TRINITY INDUSTRIES EMPLOYEE POLITICAL ACTION COMMITTEE (SF) INC.	manufacturing	defense+transportation	industrial_manufacturing	992500
C00390161	EUREKA POLITICAL ACTION COMMITTEE	NONE	finance+lobby	unknown_abstract_pac	992000
C00480228	CONTINUING AMERICA'S STRENGTH AND SECURITY PAC	NONE	defense	unknown_abstract_pac	990100
C00075820	NRCC	NONE	lobby	leadership_or_party_pac	990000
C00672733	BULLDOG PAC	NONE	lobby	unknown_abstract_pac	987589
C00631051	ABRAHAM LINCOLN PAC	NONE	defense	unknown_abstract_pac	987500
C00483487	BRINGING REPUBLICAN EXCELLENCE TO TOWN PAC	NONE	lobby	leadership_or_party_pac	979000
C00817338	MVL PAC	NONE	lobby	unknown_abstract_pac	977700
C00525600	OFF THE SIDELINES PAC	NONE	lobby	leadership_or_party_pac	977000
C00042366	DSCC	NONE	lobby	leadership_or_party_pac	964800
C00571000	TRUE NORTH PAC	NONE	finance+oil_gas	unknown_abstract_pac	961400
C00374447	AECOM PAC	real_estate	real_estate+tech	engineering_construction	952600
C00390674	FREEDOM FUND	NONE	finance+lobby	unknown_abstract_pac	952500
C00188193	WOMEN'S POLITICAL COMMITTEE FEDERAL	lobby	labor+lobby	ideological_advocacy	937500
C00567388	NEXSTAR MEDIA GROUP, INC. POLITICAL ACTION COMMITTEE (NEXSTAR PAC)	media	retail+tech	media_entertainment	937400
C00089086	THE AMERICAN OCCUPATIONAL THERAPY ASSOCIATION, INC. POLITICAL ACTION COMMITTEE (AOTPAC)	health	lobby+pharma	health_trade_assoc	930575
C00497073	LOBO PAC	NONE	lobby	unknown_abstract_pac	929000
C00039461	BALL CORPORATION POLITICAL ACTION COMMITTEE	manufacturing	retail	industrial_manufacturing	918500
C00503151	UPPER HAND FUND	NONE	lobby	unknown_abstract_pac	915800
C00017525	AMERICAN NURSES ASSOCIATION PAC	health	labor+pharma	health_trade_assoc	915500
C00007450	AMERICAN GAS ASSOCIATION POLITICAL ACTION COMMITTEE	utilities	oil_gas	gas_utility	906000
C00531764	A NEW NATION PAC	NONE	lobby	unknown_abstract_pac	903300
C00409003	HEARTLAND VALUES PAC	NONE	lobby	leadership_or_party_pac	896300
C00366070	FAA MANAGERS ASSOCIATION INC. PAC	labor	labor+transportation	labor_union	894500
C00107771	XCEL ENERGY EMPLOYEE POLITICAL ACTION COMMITTEE (XPAC)	utilities	oil_gas	electric_utility	893500
C00551853	OORAH! POLITICAL ACTION COMMITTEE	NONE	defense+lobby	unknown_abstract_pac	883416
C00679860	ANIMAL WELLNESS ACTION PAC	lobby	agriculture+lobby	single_issue_advocacy	881750
C00442368	COMMON VALUES PAC	NONE	finance+lobby	unknown_abstract_pac	880000
C00408260	THE GRANT THORNTON ADVISORS LLC POLITICAL ACTION COMMITTEE	legal	finance	accounting_consulting	879650
C00413948	ARKANSAS FOR LEADERSHIP POLITICAL ACTION COMMITTEE (ARKPAC)	NONE	finance+lobby	unknown_abstract_pac	877500
C00461418	NATIONAL UNION OF HEALTHCARE WORKERS FEDERAL COMMITTEE ON POLITICAL EDUCATION	labor	labor+pharma	labor_union	876750
C00228106	PPL CORPORATION PEOPLE FOR GOOD GOVERNMENT	utilities	oil_gas	electric_utility	874000
C00206136	AMEREN CORPORATION FEDERAL POLITICAL ACTION COMMITTEE (AMEREN FEDPAC)	utilities	oil_gas	electric_utility	870500
C00697326	ON WISCONSIN PAC, INC.	NONE	legal+lobby	unknown_abstract_pac	867145
C00457754	U.S. TRAVEL ASSOCIATION PAC	retail	transportation	hospitality_travel	861200
C00348607	IMPACT	lobby	finance+lobby	single_issue_advocacy	860000
C00544254	PERIMETER PAC	NONE	finance+lobby	unknown_abstract_pac	854750
C00692327	LETS GET TO WORK PAC	NONE	legal+lobby	unknown_abstract_pac	851269
C00654475	SMART SOLUTIONS PAC	NONE	tech	unknown_abstract_pac	850500
C00492058	LEADERSHIP AND ACCOUNTABILITY ARE NATIONAL KEYS PAC	NONE	lobby	leadership_or_party_pac	850000
C00073056	MASTERS, MATES AND PILOTS POLITICAL CONTRIBUTION FUND	labor	transportation	labor_union	849430
C00200865	ROAD TO FREEDOM CAMPAIGN COMMITTEE	NONE	lobby	leadership_or_party_pac	847300
C00693796	BUCKEYE LIBERTY POLITICAL ACTION COMMITTEE	NONE	lobby	unknown_abstract_pac	847100
C00116020	VULCAN MATERIALS COMPANY POLITICAL ACTION COMMITTEE	manufacturing	real_estate+retail	industrial_manufacturing	846550
C00074096	DOW INC. PAC (DOWPAC)	manufacturing	oil_gas	chemicals	845500
C00226548	VISTRA EMPLOYEE POLITICAL ACTION COMMITTEE OF VISTRA CORP.	utilities	oil_gas	electric_utility	842500
C00029348	AMERICAN FOREST & PAPER ASSOCIATION POLITICAL ACTION COMMITTEE	manufacturing	agriculture	industrial_manufacturing	841500
C00410308	SHORE PAC	NONE	lobby	unknown_abstract_pac	841000
C00683508	FOREVER YOUTH ORGANIZATION UTILIZING A NEW GENERATION PAC	NONE	lobby	leadership_or_party_pac	838700
C00389429	CALPORTLAND COMPANY POLITICAL ACTION COMMITTEE (CALPORTLANDPAC)	manufacturing	real_estate+retail	industrial_manufacturing	836000
C00096842	THE AMERICAN ELECTRIC POWER COMMITTEE FOR RESPONSIBLE GOVERNMENT	utilities	oil_gas	electric_utility	835500
C00391797	DIRIGO PAC	NONE	defense+finance	leadership_or_party_pac	830000
C00540054	NEBRASKA SANDHILLS PAC	NONE	agriculture	unknown_abstract_pac	827000
C00546119	SELECT MEDICAL CORPORATION PAC	health	pharma+retail	health_provider	826400
C00340364	BLUE SHIELD OF CALIFORNIA PAC (SHIELD PAC)	health	finance	health_insurer	825100
C00210666	AMERICAN SPEECH-LANGUAGE-HEARING ASSOCIATION PAC (ASHA PAC)	health	lobby+pharma	health_trade_assoc	817250
C00458158	LKQ CORPORATION EMPLOYEE GOOD GOVERNMENT FUND	retail	retail+transportation	retail_general	813000
C00081547	DTE ENERGY COMPANY POLITICAL ACTION COMMITTEE	utilities	oil_gas+pharma	electric_utility	808000
C00489336	WILD AND WONDERFUL PAC	NONE	lobby	unknown_abstract_pac	806000
C00507574	MOTOR CITY PAC	NONE	transportation	unknown_abstract_pac	804500
C00785816	LIFTOFF PAC	NONE	tech	unknown_abstract_pac	802300
C00566851	JOBS OPPORTUNITY AND NEW IDEAS PAC	NONE	agriculture+finance	leadership_or_party_pac	802300
C00431601	OCEANS PAC	NONE	finance	unknown_abstract_pac	802000
C00517235	TURQUOISE PAC	NONE	finance+lobby	unknown_abstract_pac	802000
C00083857	OCCIDENTAL PETROLEUM CORPORATION POLITICAL ACTION COMMITTEE	oil_gas	oil_gas+pharma	oil_gas_upstream	800800
C00679191	DIGIDEMS PAC	lobby	tech	ideological_advocacy	798768
C00368696	RESPONSIBILITY AND FREEDOM WORK PAC (RFWPAC)	NONE	lobby	leadership_or_party_pac	797000
C00406801	AVANGRID POLITICAL ACTION COMMITTEE	utilities	oil_gas	electric_utility	797000
C00757419	SD PAC	NONE	lobby+real_estate	unknown_abstract_pac	796900
C00607721	LAND OF OPPORTUNITY PAC	NONE	lobby	unknown_abstract_pac	787500
C00034785	ACPAC ACA INTERNATIONAL POLITICAL ACTION COMMITTEE	finance	legal	financial_trade_assoc	785999
C00629311	GRANITE VALUES PAC	NONE	lobby	unknown_abstract_pac	782500
C00629709	NO LABELS PAC	lobby	finance+lobby	ideological_advocacy	776323
C00412791	FORWARD TOGETHER PAC	NONE	lobby	unknown_abstract_pac	773000
C00365270	M-PAC	NONE	lobby	unknown_abstract_pac	765000
C00048579	SALT RIVER VALLEY WATER USERS' ASSOCIATION POLITICAL INVOLVEMENT COMMITTEE ( SRPPIC)	utilities	agriculture	electric_utility	764500
C00304832	CONSTELLATION BRANDS INC POLITICAL ACTION COMMITTEE	retail	agriculture+retail	alcohol	764000
C00576090	EVERGREEN PAC	NONE	lobby+tech	unknown_abstract_pac	761200
C00542027	BIG SKY OPPORTUNITY PAC	NONE	lobby+oil_gas	leadership_or_party_pac	759000
C00172833	AMERICAN ASSOCIATION OF CROP INSURERS PAC	finance	agriculture	insurance	758333
C00145037	SOUTHERN COMPANY GAS EMPLOYEES PAC	utilities	oil_gas	gas_utility	754500
C00486928	ALZHEIMERS IMPACT MOVEMENT POLITICAL ACTION COMMITTEE	lobby	lobby+pharma	single_issue_advocacy	752403
C00010124	ASSOCIATED EQUIPMENT DISTRIBUTORS POLITICAL ACTION COMMITTEE	retail	retail+transportation	retail_general	749499
C00409276	MAKING A RESPONSIBLE STAND FOR HOUSEHOLDS IN AMERICA PAC	NONE	lobby	leadership_or_party_pac	745000
C00589309	BLUE MOMENTUM PAC	NONE	lobby	leadership_or_party_pac	744459
C00762682	STEER PAC	NONE	agriculture+transportation	unknown_abstract_pac	741000
C00431874	FOLLOW THE NORTH STAR FUND	NONE	finance+lobby	leadership_or_party_pac	739000
C00140855	FIRSTENERGY CORP POLITICAL ACTION COMMITTEE	utilities	oil_gas	electric_utility	739000
C00338020	ARGENTUM'S SILVER PAC	health	lobby+retail	health_provider	735000
C00489427	BUILDING LEADERSHIP AND INSPIRING NEW ENTERPRISE PAC	NONE	finance+lobby	leadership_or_party_pac	733500
C00783167	WORKING FOR OHIO	NONE	lobby	leadership_or_party_pac	732300
C00202184	WATERPAC - NATIONAL RURAL WATER ASSOCIATION POLITICAL COMMITTEE	NONE	agriculture	other_services	731400
C00439992	KEYSTONE AMERICA PAC	NONE	lobby	leadership_or_party_pac	722000
C00163048	CAP-PAC SEPARATE SEGREGATED FUND OF THE NATIONAL COMMUNITY ACTION FOUNDATION INC	NONE	lobby	nonprofit_other	719500
C00633248	314 ACTION FUND	lobby	lobby+pharma	ideological_advocacy	718700
C00016386	AMERICAN BAKERS ASSOCIATION AMERICAN BAKERS POLITICAL ACTION COMMITTEE	retail	agriculture	food_beverage_manufacturer	716500
C00879619	SCHIFF(T) THE SENATE	NONE	lobby	leadership_or_party_pac	716400
C00634774	COMMON SENSE FOR AMERICA PAC	NONE	lobby	unknown_abstract_pac	715000
C00525212	VICTORY AND FREEDOM PAC (VAF PAC)	NONE	lobby	unknown_abstract_pac	714000
C00771238	DEFEND THE DREAM	NONE	lobby	unknown_abstract_pac	712800
C00249342	AMERICAN SOCIETY OF PLASTIC SURGEONS PLASTYPAC	health	legal+pharma	health_provider	712400
C00349373	GULF STATES TOYOTA INC FEDERAL POLITICAL ACTION COMMITTEE	retail	retail+transportation	retail_general	711999
C00142299	JACOBS SOLUTIONS, INC. POLITICAL ACTION COMMITTEE (JACOBS PAC)	real_estate	defense	engineering_construction	705250
C00410092	PEOPLE'S VOICE PAC	NONE	labor+lobby	unknown_abstract_pac	702500
C00392738	HOOPS PAC	NONE	lobby	unknown_abstract_pac	700500
C00370122	COMMITTEE FOR A DEMOCRATIC FUTURE	NONE	lobby	leadership_or_party_pac	697500
C00022368	NATIONAL ASSOCIATION OF CHAIN DRUG STORES, INC. POLITICAL ACTION COMMITTEE	retail	pharma+retail	retail_general	696354
C00458570	A NEW DIRECTION PAC	NONE	lobby	unknown_abstract_pac	696000
C00571323	TOGETHER HOLDING OUR MAJORITY PAC	NONE	finance+lobby	leadership_or_party_pac	695000
C00629212	ALL FOR OUR COUNTRY LEADERSHIP PAC	NONE	defense+lobby	leadership_or_party_pac	694000
C00109306	NATIONAL ASSOCIATION OF WHOLESALER-DISTRIBUTORS POLITICAL ACTION COMMITTEE	lobby	retail	business_trade_assoc_multisector	693000
C00689208	RVFPAC	NONE	lobby	unknown_abstract_pac	691000
C00543207	BADLANDS PAC	NONE	defense+lobby	leadership_or_party_pac	686300
C00567693	HAWAII PAC	NONE	lobby	leadership_or_party_pac	686000
C00753947	LA BAMBA PAC	NONE	lobby	leadership_or_party_pac	685600
C00403592	NARRAGANSETT BAY PAC	NONE	defense+lobby	leadership_or_party_pac	682500
C00106740	AMERICA'S HEALTH INSURANCE PLANS, INC. PAC (AHIP PAC)	health	finance+pharma	health_insurer	682000
C00744532	SUPPORT TAXFIGHTERS & ELECT EFFECTIVE LEADERS PAC	lobby	finance+real_estate	ideological_advocacy	680700
C00755173	HONOR COURAGE COMMITMENT PAC	NONE	defense+lobby	unknown_abstract_pac	680200
C00493221	THE GUARDIAN FUND	NONE	lobby	unknown_abstract_pac	679500
C00507962	AES CORPORATION POLITICAL ACTION COMMITTEE; THE	utilities	finance+oil_gas	electric_utility	679000
C00693127	BUILDING BRIDGES PAC	NONE	lobby	unknown_abstract_pac	678000
C00710848	DMFI PAC	lobby	finance+lobby	single_issue_advocacy	677500
C00569871	DOING RIGHT - RESULTS ACTION UNITY LEADERSHIP PAC	NONE	lobby	leadership_or_party_pac	677400
C00655423	BRIDGE THE GAP PAC	NONE	lobby	unknown_abstract_pac	671000
C00416743	VICTORY NOW PAC	NONE	lobby	unknown_abstract_pac	666500
C00450916	ASURION LLC POLITICAL ACTION COMMITTEE (ASURION PAC)	finance	tech	insurance	666300
C00259572	AMERICAN CLEAN POWER ASSOCIATION CLEANPOWER PAC	utilities	legal+lobby	renewables	660000
C00471540	ENVIRONMENTAL DEFENSE ACTION FUND PAC (EDAF PAC)	lobby	defense+lobby	single_issue_advocacy	658735
C00571976	THE PETER NORBECK LEADERSHIP PAC	NONE	lobby	leadership_or_party_pac	658000
C00368142	OFFICE OF THE COMMISSIONER OF MAJOR LEAGUE BASEBALL POLITICAL ACTION COMMITTEE	media	lobby+retail	media_entertainment	655500
C00696591	ACROSS THE AISLE PAC	NONE	lobby	unknown_abstract_pac	655500
C00692319	VPP	NONE	lobby	unknown_abstract_pac	655250
C00235655	BLUEGRASS COMMITTEE	NONE	lobby	leadership_or_party_pac	655000
C00353797	SIEMENS CORPORATION PAC	manufacturing	tech	industrial_manufacturing	654500
C00531590	PATRIOTS IN ACTION	NONE	lobby	unknown_abstract_pac	653300
C00065219	WINE INSTITUTE PAC	retail	agriculture	alcohol	650788
C00379479	THE HAWKEYE PAC	NONE	lobby	leadership_or_party_pac	648500
C00389403	SPECIALTY EQUIPMENT MARKET ASSOCIATION & PERFORMANCE RACING, INC. PAC (SEMA & PRI PAC)	manufacturing	real_estate+retail+transportation	auto_manufacturing	648250
C00566562	BACKPAC	NONE	lobby	unknown_abstract_pac	647000
C00563601	SUPPORTING HOUSE PROBLEM SOLVERS - SHP PAC	NONE	lobby	leadership_or_party_pac	641600
C00331694	AMERICA WORKS FEDERAL PAC	NONE	lobby	unknown_abstract_pac	641500
C00493072	DAKOTA PAC	NONE	agriculture	leadership_or_party_pac	640000
C00248849	CROPLIFE AMERICA POLITICAL ACTION COMMITTEE	manufacturing	agriculture	chemicals	640000
C00167759	PARAMOUNT GLOBAL POLITICAL ACTION COMMITTEE	media	lobby+tech	media_entertainment	637500
C00249532	AMERICAN SPORTFISHING ASSOCIATION POLITICAL ACTION COMMITTEE	retail	agriculture	retail_general	634000
C00567545	BOOTS POLITICAL ACTION COMMITTEE	NONE	retail	unknown_abstract_pac	633800
C00305318	BLUE DOG POLITICAL ACTION COMMITTEE	NONE	lobby	leadership_or_party_pac	631500
C00101485	ECOLAB INC. POLITICAL ACTION COMMITTEE	manufacturing	tech	chemicals	629500
C00051979	NISOURCE INC. PAC	utilities	oil_gas	gas_utility	625000
C00455717	FREE STATE PAC	NONE	lobby	leadership_or_party_pac	621500
C00347195	PRAIRIE POLITICAL ACTION COMMITTEE	NONE	lobby+oil_gas	leadership_or_party_pac	620000
C00219444	NATIONAL STRUCTURED SETTLEMENTS TRADE ASSOCIATION PAC	finance	legal	insurance	618500
C00647420	BOLD ACTIVE CONSERVATIVES OF NEBRASKA PAC	NONE	lobby	leadership_or_party_pac	618100
C00313700	TRANSUNION POLITICAL ACTION COMMITTEE (TU PAC)	finance	finance+labor	fintech_payments	616750
C00539601	PINEAPPLE PAC	NONE	agriculture+lobby+tech	unknown_abstract_pac	616000
C00513176	CONGRESSIONAL PROGRESSIVE CAUCUS PAC	NONE	legal+lobby	leadership_or_party_pac	615000
C00823351	REPUBLICANS UNITED TO DEFEND YOU PAC	NONE	lobby	leadership_or_party_pac	614000
C00113159	EASTMANPAC-POLITICAL ACTION COMMITTEE OF EASTMAN CHEMICAL COMPANY	manufacturing	pharma+tech	chemicals	613500
C00479998	TENASKA INC EMPLOYEES POLITICAL ACTION COMMITTEE	utilities	oil_gas	electric_utility	610300
C00770255	SIX PAC	NONE	finance+lobby	unknown_abstract_pac	605550
C00197749	TWDC ENTERPRISES 18 CORP. EMPLOYEES PAC AKA 'THE WALT DISNEY COMPANY EMPLOYEES PAC' OR 'DISNEY PAC'	media	retail	media_entertainment	603750
C00574103	U.S. ANESTHESIA PARTNERS, INC. PAC D/B/A/ USAP PAC	health	labor+pharma	health_provider	601500
C00411173	COMMERCIAL REAL ESTATE FINANCE COUNCIL PAC	finance	real_estate	mortgage_finance	597000
C00113753	JOHNSON CONTROLS INC. PAC	manufacturing	tech	industrial_manufacturing	590900
C00011262	BROTHERHOOD OF RAILROAD SIGNALMEN POLITICAL ACTION COMMITTEE	labor	labor+transportation	labor_union	587900
C00687582	GIDDY UP PAC	NONE	lobby	unknown_abstract_pac	586412
C00306175	LYONDELL CHEMICAL COMPANY PAC	manufacturing	oil_gas	chemicals	585500
C00492983	NUTMEG PAC	NONE	finance+lobby	leadership_or_party_pac	585000
C00447284	NATIONAL ASSOCIATION OF PROFESSIONAL EMPLOYER ORGANIZATIONS (NAPEO PAC)	NONE	labor	other_services	584500
C00251009	UNITED PILOTS PAC/UNITED AIRLINES MASTER EXECUTIVE COUNCIL	labor	labor+transportation	labor_union	584000
C00040659	NAFCU PAC OF CREDIT UNION NATIONAL ASSOCIATION, INC.	finance	finance+labor	credit_union	581000
C00762591	SAVE AMERICA	NONE	lobby	leadership_or_party_pac	575000
C00494112	BEEPAC (BUILDING ECONOMIC EMPOWERMENT PAC)	NONE	finance	unknown_abstract_pac	574000
C00712695	VITORIA PAC	NONE	legal+lobby	unknown_abstract_pac	572250
C00388934	FUND FOR AMERICA'S FUTURE	NONE	lobby	unknown_abstract_pac	569400
C00014555	FOOD MARKETPLACE INC. POLITICAL ACTION COMMITTEE FMI FOODPAC	retail	oil_gas+retail	grocery	567676
C00404194	GENWORTH FINANCIAL, INC. POLITICAL ACTION COMMITTEE (GENWORTH PAC)	finance	finance+lobby	insurance	566300
C00375584	GREAT LAKES PAC	NONE	lobby	unknown_abstract_pac	565000
C00426809	MADISON PAC; THE	NONE	lobby	unknown_abstract_pac	563500
C00319723	NATIONAL BUSINESS AVIATION ASSOCIATION INC POLITICAL ACTION COMMITTEE (NBAA-PAC)	defense	transportation	aerospace_civil	553500
C00075473	CMS ENERGY CORPORATION EMPLOYEES FOR BETTER GOVERNMENT- FEDERAL	utilities	oil_gas	electric_utility	552000
C00489419	AKSM UROLOGY POLITICAL ACTION COMMITTEE 'AKSM UROLOGY PAC'	health	pharma+tech	health_provider	549000
C00439521	AMERICAN SECURITY PAC	NONE	defense	unknown_abstract_pac	546000
C00538835	COMMON GROUND PAC	NONE	lobby	unknown_abstract_pac	545500
C00536540	JOBS, FREEDOM, AND SECURITY PAC	NONE	labor+lobby	unknown_abstract_pac	545300
C00832501	AMERICAN EXCELLENCE PAC	NONE	lobby	unknown_abstract_pac	544999
C00522094	PSYCHOLOGY PAC OF AMERICAN PSYCHOLOGICAL ASSOCIATION SERVICES INC.	health	lobby+pharma	health_trade_assoc	544250
C00425470	DEMOCRATS WIN SEATS (DWS PAC)	NONE	lobby	leadership_or_party_pac	544000
C00324483	BERKSHIRE HATHAWAY ENERGY COMPANY PAC	utilities	oil_gas	electric_utility	543500
C00633156	I GOT YOUR BACK PAC	NONE	lobby	unknown_abstract_pac	540200
C00544957	USACS PAC	health	defense+lobby	health_provider	539000
C00468314	DEMOCRACY ENGINE, INC., PAC	finance	tech	fintech_payments	537144
C00813063	LEADERSHIP AND LOYALTY ONLY TO AMERICA PAC	NONE	lobby	unknown_abstract_pac	537135
C00692111	VELVET HAMMER PAC	NONE	lobby	unknown_abstract_pac	536000
C00382150	THE GEO GROUP, INC. POLITICAL ACTION COMMITTEE	NONE	legal+real_estate	other_services	530950
C00821058	ALABAMA FIRST PAC	NONE	lobby	unknown_abstract_pac	530000
C00239780	PHILIPS NORTH AMERICA LLC POLITICAL ACTION COMMITTEE	health	pharma+tech	medical_device	523750
C00506907	ASPIRE PAC	NONE	lobby	unknown_abstract_pac	522300
C00647354	TEAM AMERICA - BRINGING AMERICA TOGETHER PAC	NONE	lobby	unknown_abstract_pac	521100
C00411694	SALTCHUK RESOURCES, INC. PAC	transportation	tech+transportation	maritime_shipping	518500
C00438291	DENALI LEADERSHIP PAC	NONE	finance+oil_gas	leadership_or_party_pac	516274
C00636753	ACADEMY OF RAIL LABOR ATTORNEYS POLITICAL ACTION COMMITTEE	legal	labor+legal	trial_lawyers	513500
C00280909	TRANSPORTATION TRADES DEPARTMENT AFL-CIO POLITICAL ACTION COMMITTEE (TTD/PAC)	labor	labor+transportation	labor_union	512500
C00719971	SENATE EAGLE PAC	NONE	lobby	unknown_abstract_pac	511200
C00060087	STANLEY BLACK & DECKER, INC. POLITICAL ACTION COMMITTEE	manufacturing	retail	industrial_manufacturing	510500
C00762328	FIGHT ON PAC	NONE	lobby	unknown_abstract_pac	510400
C00388462	ITC HOLDINGS CORP. PAC (ITC PAC)	utilities	defense+finance	electric_utility	510250
C00767871	REV UP PAC	NONE	transportation	unknown_abstract_pac	509600
C00345793	RELX INC. POLITICAL ACTION COMMITTEE	media	legal	media_entertainment	507000
C00118208	AMERICAN ROAD & TRANSPORTATION BUILDERS ASSOCIATION PAC	real_estate	real_estate+transportation	construction_contractor	506500
C00524314	AMERICA'S FIRST PAC	NONE	labor+lobby	unknown_abstract_pac	504800
C00188011	NATIONAL TANK TRUCK CARRIERS INC POLITICAL ACTION COMMITTEE	transportation	tech+transportation	trucking	500873
C00494302	LEAD ENCOURAGE ELECT PAC	NONE	legal+lobby	unknown_abstract_pac	499000
C00405555	NATIONAL COUNCIL OF TEXTILE ORGANIZATIONS INC POLITICAL ACTION COMMITTEE	manufacturing	retail	industrial_manufacturing	496000
C00100131	THE GOODYEAR TIRE & RUBBER COMPANY GOOD GOVERNMENT FUND (GOODYEAR GOOD GOVERNMENT FUND)	manufacturing	transportation	auto_manufacturing	496000
C00479899	WOOLPERT, INC. PAC	real_estate	defense+tech	engineering_construction	494848
C00574921	RYAN LLC POLITICAL ACTION COMMITTEE (RYANPAC)	legal	finance+legal	accounting_consulting	490000
C00526715	GREATER TOMORROW POLITICAL ACTION COMMITTEE	NONE	defense+lobby	unknown_abstract_pac	488000
C00299321	MGM RESORTS INTERNATIONAL  PAC	retail	real_estate+retail	gaming_casino	486100
C00734012	ASCO ASSOCIATION POLITICAL ACTION COMMITTEE (ASCO ASSOCIATION PAC)	health	lobby+pharma	health_trade_assoc	486000
C00678813	CONSERVATIVES HARVESTING SUCCESS PAC	lobby	agriculture	ideological_advocacy	485400
C00160630	DRUMMOND COMPANY, INC. POLITICAL ACTION COMMITTEE (DPAC)	mining	agriculture+lobby	coal_mining	482000
C00360008	NATIONAL THOROUGHBRED RACING ASSOCIATION POLITICAL ACTION COMMITTEE/HORSE PAC	retail	agriculture+retail	gaming_casino	482000
C00445379	MAKING AMERICA PROSPEROUS PAC	NONE	finance+lobby	unknown_abstract_pac	482000
C00383489	PUBLIC SERVICE ENTERPRISE GROUP INC. POLITICAL ACTION COMMITTEE (PEGPAC)	utilities	finance+oil_gas	electric_utility	481856
C00425439	THOROUGHBRED PAC	NONE	lobby	unknown_abstract_pac	479500
C00481531	TEXAS REPUBLICANS UNITED POLITICAL ACTION COMMITTEE (TRU PAC)	NONE	lobby	leadership_or_party_pac	478000
C00491936	COMMON SENSE COLORADO	NONE	lobby	unknown_abstract_pac	476000
C00083758	NATIONAL FUEL GAS COMPANY FEDERAL POLITICAL ACTION COMMITTEE	utilities	oil_gas	gas_utility	475700
C00792127	FAIR ISAAC CORPORATION POLITICAL ACTION COMMITTEE (FICO PAC)	tech	finance	software_internet	472100
C00590471	LOCAL 881 UNITED FOOD AND COMMERCIAL WORKERS POLITICAL ACTION FUND	labor	labor+retail	labor_union	470000
C00686816	AMERICA RELOADED	NONE	lobby	unknown_abstract_pac	466204
C00336057	UNITED STATES CELLULAR CORPORATION POLITICAL ACTION COMMITTEE	tech	lobby	telecom_cable	465500
C00551168	PUGET PAC	NONE	tech	unknown_abstract_pac	464900
C00366468	CORECIVIC, INC. POLITICAL ACTION COMMITTEE (CORECIVIC PAC)	NONE	legal	other_services	462800
C00834507	BUILDING UP DEMOCRACY'S DREAM	NONE	lobby	unknown_abstract_pac	461000
C00583153	VALOR PAC	NONE	defense+lobby	unknown_abstract_pac	460811
C00691972	ALLISON TRANSMISSION INC. POLITICAL ACTION COMMITTEE	manufacturing	transportation	auto_manufacturing	460700
C00214148	AMERICAN PEANUT SHELLERS ASSOCIATION POLITICAL ACTION COMMITTEE	agriculture	agriculture+oil_gas	agriculture_trade_assoc	459000
C00492025	AMERICAN DEFENSE AND MILITARY PAC	lobby	defense	ideological_advocacy	458100
C00632323	DEFEND OUR CONSERVATIVE SENATE PAC (DOC'S PAC)	lobby	defense+lobby	ideological_advocacy	455400
C00433680	TREASURE STATE PAC	NONE	lobby	unknown_abstract_pac	452000
C00495556	TRINET GROUP INC POLITICAL ACTION COMMITTEE	NONE	tech	other_services	452000
C00664318	DEMOCRACY SUMMER LEADERSHIP PAC	NONE	lobby	leadership_or_party_pac	450100
C00021295	BRACEPAC	health	legal+pharma	medical_device	449952
C00325993	DEFEND AMERICA PAC	NONE	defense	unknown_abstract_pac	445000
C00699140	LSTA, INC. PAC	finance	agriculture+labor+legal	financial_trade_assoc	443500
C00378695	VICTORY IN NOVEMBER ELECTION PAC	NONE	lobby	unknown_abstract_pac	443393
C00770297	BAKER PAC	NONE	lobby	leadership_or_party_pac	443300
C00571174	SERVE AMERICA PAC	NONE	lobby	leadership_or_party_pac	442750
C00226472	ARPAC	NONE	lobby	unknown_abstract_pac	442500
C00383521	INTERNATIONAL FOODSERVICE DISTRIBUTORS ASSOCIATION POLITICAL ACTION COMMITTEE	retail	lobby+retail	restaurant_foodservice	442000
C00691501	REJOICE PAC	NONE	lobby	unknown_abstract_pac	440500
C00077305	ALABAMA POWER CO EMPLOYEES FEDERAL POLITICAL ACTION CMTE (APC EMPLOYEES FEDERAL PAC)	utilities	oil_gas	electric_utility	439500
C00135541	TO PROTECT OUR HERITAGE PAC	NONE	lobby	unknown_abstract_pac	439203
C00769109	HEALTH JOBS JUSTICE	labor	labor+pharma	labor_union	436428
C00500025	RECLAIM AMERICA PAC	NONE	lobby	leadership_or_party_pac	435500
C00832147	MITTEN PAC	NONE	lobby	unknown_abstract_pac	435000
C00497842	STRATEGY PAC	NONE	finance+lobby	unknown_abstract_pac	435000
C00300376	THE DOCTORS COMPANY FEDERAL PAC (DOCPAC)	finance	pharma	insurance	433000
C00649525	RESTORING OUR NATION PAC	NONE	lobby	unknown_abstract_pac	432800
C00565630	MAINTAINING ALL REPUBLICANS IN OFFICE PAC	NONE	lobby	leadership_or_party_pac	432300
C00597062	BUDDY PAC	NONE	finance+lobby	leadership_or_party_pac	432200
C00041566	AMERICAN SOCIETY OF ASSOCIATION EXECUTIVES (ASAE) PAC	NONE	lobby	professional_assoc_other	431500
C00458257	EMPLOYEE OWNED S CORPORATIONS OF AMERICA PAC (ESCA PAC)	lobby	labor+lobby	business_trade_assoc_multisector	431500
C00110585	CITIZENS ORGANIZED POLITICAL ACTION COMMITTEE	NONE	lobby	unknown_abstract_pac	431000
C00377143	BUILD AMERICA PAC	NONE	real_estate	unknown_abstract_pac	430600
C00649772	REVIVING AMERICAN JOBS AGAIN PAC	NONE	lobby	leadership_or_party_pac	429151
C00421982	SOLAR ENERGY INDUSTRIES ASSOCIATION PAC (SOLARPAC)	utilities	tech	renewables	429099
C00493270	HEIDELBERG MATERIALS US, INC. POLITICAL ACTION COMMITTEE	manufacturing	agriculture+real_estate	industrial_manufacturing	428000
C00653188	BMI POLITICAL ACTION COMMITTEE (BMI PAC)	media	lobby+tech	media_entertainment	427000
C00840462	BUDWINSKI PAC	NONE	lobby+tech	unknown_abstract_pac	422500
C00370585	MAXAR TECHNOLOGIES INC. PAC (MAXARPAC)	defense	defense+pharma	defense_contractor	421500
C00344648	RELY ON YOUR BELIEFS FUND	NONE	lobby	leadership_or_party_pac	421500
C00701680	HOPE PAC	NONE	lobby	unknown_abstract_pac	421100
C00392464	UNIVERSAL MUSIC GROUP EMPLOYEE ACTION FUND	media	labor+retail	media_entertainment	416250
C00559302	FS PAC	NONE	finance	unknown_abstract_pac	415500
C00525543	PROJECT WEST POLITICAL ACTION COMMITTEE	NONE	lobby+oil_gas	leadership_or_party_pac	413712
C00195024	MARYLAND ASSOCIATION FOR CONCERNED CITIZENS POLITICAL ACTION COMMITTEE	NONE	lobby	unknown_abstract_pac	413100
C00084871	CELANESE CORPORATION POLITICAL ACTION COMMITTEE	manufacturing	retail+tech	chemicals	412500
C00760397	NO NONSENSE PAC	NONE	lobby	leadership_or_party_pac	412300
C00264770	AGRICULTURAL RETAILERS ASSOCIATION POLITICAL ACTION COMMITTE	agriculture	agriculture+retail	agriculture_trade_assoc	411985
C00832576	GREAT CHAIN PAC	NONE	lobby	leadership_or_party_pac	410500
C00680132	TRIED-AND-TRUE PAC	NONE	lobby	leadership_or_party_pac	409829
C00863373	BEST AT BRINGING ENTREPRENEURIAL RESULTS NEVER IMAGINED OR ENVISIONED PAC	NONE	lobby	leadership_or_party_pac	408300
C00640490	ONWARD TOGETHER COMMITTEE	NONE	lobby	leadership_or_party_pac	405000
C00128678	SOUTHEASTERN LUMBER MANUFACTURERS ASSOC POLITICAL ACTION COMMITTEE	manufacturing	agriculture	industrial_manufacturing	402250
C00481176	CONCERNED AMERICANS FOR FREEDOM & OPPORTUNITY PAC (CAFO PAC)	NONE	lobby	leadership_or_party_pac	399500
C00564187	EDUCATE AND INNOVATE PAC	NONE	lobby+tech	unknown_abstract_pac	399000
C00525071	COMMERCIAL METALS COMPANY PAC (CMC PAC)	manufacturing	defense+retail	steel_metals	398700
C00290973	CLEVELAND-CLIFFS INC. POLITICAL ACTION COMMITTEE	manufacturing	agriculture+defense	steel_metals	397500
C00387464	ALAMO PAC	NONE	lobby	leadership_or_party_pac	396343
C00446237	NATIONAL NURSES UNITED PAC - A FUND FOR A HEALTHY AMERICA	labor	labor+pharma	labor_union	394500
C00143560	ACADEMY OF NUTRITION AND DIETETICS POLITICAL ACTION COMMITTEE	health	labor+pharma	health_trade_assoc	393000
C00168070	AMERICAN AMBULANCE ASSOCIATION FEDERAL PAC (AKA AMBU-PAC)	health	lobby+pharma	health_trade_assoc	392000
C00362640	CALPINE CORPORATION PAC	utilities	oil_gas	electric_utility	391500
C00692715	HELP ELECT REPUBLICANS NOW	NONE	legal+lobby	leadership_or_party_pac	390500
C00770511	TZEDEK PAC	lobby	finance+lobby	ideological_advocacy	390150
C00656777	JAM PAC	NONE	lobby	unknown_abstract_pac	387100
C00252684	CAMBIA HEALTH SOLUTIONS INC. PAC	health	finance+pharma	health_insurer	386500
C00119008	WASTE MANAGEMENT EMPLOYEES BETTER GOVERNMENT FUND	NONE	lobby+real_estate	other_services	384500
C00379180	NATIONAL ASSOCIATION OF CHEMICAL DISTRIBUTORS RESPONSIBLE DISTRIBUTION POLITICAL ACTION COMMITTEE	manufacturing	lobby+retail	chemicals	384000
C00394650	JBS USA FOOD COMPANY PAC	agriculture	agriculture+retail	agribusiness_processor	383500
C00770214	CHAMPION AMERICAN VALUES	NONE	lobby	unknown_abstract_pac	383000
C00769810	OWENS & MINOR, INC. POLITICAL ACTION COMMITTEE (OWENS & MINOR PAC)	health	retail	medical_device	382000
C00765644	BIG IDEAS CREATE EXCELLENCE PAC	NONE	lobby	leadership_or_party_pac	381200
C00103697	BECHTEL GROUP, INC. POLITICAL ACTION COMMITTEE (BECHTEL POLITICAL ACTION COMMITTEE)	real_estate	defense+real_estate	engineering_construction	381000
C00756825	DELIVERS PAC	NONE	lobby+transportation	leadership_or_party_pac	380800
C00386029	HNTB HOLDINGS LTD. PAC	real_estate	transportation	engineering_construction	379100
C00523936	IRON MOUNTAIN INCORPORATED EMPLOYEES PAC (IMPAC)	NONE	real_estate+tech	other_services	378000
C00529909	AIR METHODS CORPORATION POLITICAL ACTION COMMITTEE (AMPAC)	health	pharma+transportation	health_provider	376900
C00161570	AMERICAN PUBLIC POWER ASSOCIATION, PUBLIC OWNERSHIP OF ELECTRIC RESOURCES PAC	utilities	oil_gas	electric_utility	371000
C00837435	2024 THUNE REPUBLICAN SENATE VICTORY	NONE	lobby	leadership_or_party_pac	369000
C00132092	ALLIANT ENERGY CORPORATION EMPLOYEE'S POLITICAL ACTION COMM	utilities	defense+oil_gas	electric_utility	368500
C00738260	POINT ACTION PAC, INC.	NONE	lobby+pharma	leadership_or_party_pac	366202
C00346288	THE PREMIER, INC. EMPLOYEES' CIVIC ACTION FUND	health	pharma+retail	health_provider	366000
C00457242	BLUE CROSS BLUE SHIELD OF ALABAMA PAC	health	finance+pharma	health_insurer	364000
C00442996	ASSOCIATION OF EQUIPMENT MANUFACTURERS PAC	manufacturing	agriculture+lobby	industrial_manufacturing	363500
C00437244	INVENERGY LLC PAC	utilities	oil_gas	renewables	362700
C00363648	FIRST STATE PAC	NONE	lobby	unknown_abstract_pac	360500
C00635367	TENACIOUS PAC	NONE	lobby	leadership_or_party_pac	359600
C00746735	HMS SCRAP PAC	manufacturing	retail	steel_metals	359200
C00499400	TRALAPAC (TRUCK RENTING AND LEASING ASSOCIATION PAC)	transportation	labor+transportation	trucking	358500
C00692202	COURAGE TO CHANGE	NONE	lobby	leadership_or_party_pac	356854
C00785899	EQUALITY PROJECT PAC	lobby	lobby+transportation	single_issue_advocacy	353276
C00760827	DEMAND JUSTICE PAC	lobby	legal	single_issue_advocacy	352500
C00423228	AMERICAN GASTROENTEROLOGICAL ASSOCIATION INC. PAC	health	oil_gas+pharma	health_trade_assoc	352000
C00493361	RAZOR PAC	NONE	lobby	leadership_or_party_pac	351000
C00753475	BAPS PUBLIC AFFAIRS, INC. POLITICAL ACTION COMMITTEE (BAPS PAC)	NONE	labor	nonprofit_other	347000
C00431403	VOTE TO ELECT REPUBLICANS NOW PAC	NONE	lobby	leadership_or_party_pac	346500
C00279497	POLARIS INDUSTRIES POLITICAL PARTICIPATION PROGRAM	manufacturing	transportation	auto_manufacturing	345500
C00237065	PORTLAND CEMENT ASSOCIATION INC. (CEMENT PAC)	manufacturing	real_estate+retail	industrial_manufacturing	344600
C00311944	DGA-PAC THE POLITICAL ACTION COMMITTEE OF THE DIRECTORS GUILD OF AMERICA INC.	labor	labor+tech	labor_union	343700
C00450320	INVEST IN A STRONG AND SECURE AMERICA	NONE	defense+lobby	leadership_or_party_pac	343000
C00574368	CROWELL & MORING LLP POLITICAL ACTION COMMITTEE (C&M PAC)	legal	legal+oil_gas	law_firm	342000
C00250407	SOUTHERN NUCLEAR OPERATING COMPANY, INC. PAC	utilities	oil_gas	nuclear	340500
C00467837	EDPAC	NONE	legal+lobby	unknown_abstract_pac	339950
C00012310	BLACK & VEATCH POLITICAL ACTION COMMITTEE (BLACK & VEATCH PAC)	real_estate	defense	engineering_construction	339300
C00363838	HUNTSMAN CORPORATION PAC (HUNTSMAN PAC)	manufacturing	defense+real_estate	chemicals	337000
C00760124	NATIONAL VICTORY ACTION FUND	NONE	lobby	unknown_abstract_pac	335662
C00196089	THE ESOP ASSOCIATION PAC	lobby	finance+labor	business_trade_assoc_multisector	335500
C00493924	REINVENTING A NEW DIRECTION POLITICAL ACTION COMMITTEE	NONE	lobby	leadership_or_party_pac	335000
C00621912	1-800 CONTACTS, INC. PAC	retail	pharma+retail	retail_general	333500
C00807909	STOP COLLECTIVISM OR TOTALITARIANISM TRIUMPHS PAC	NONE	lobby	leadership_or_party_pac	332699
C00416131	MIDWEST VALUES PAC	NONE	lobby	leadership_or_party_pac	332500
C00762930	BE VICTORIOUS OVER DEMOCRATS PAC	NONE	lobby	leadership_or_party_pac	331482
C00652701	VNA HOLDING INC. POLITICAL ACTION COMMITTEE (VG PAC)	NONE	labor	other_services	330000
C00784694	TKJ PAC	NONE	lobby	unknown_abstract_pac	329000
C00586859	MORTGAGE GUARANTY INSURANCE CORPORATION POLITICAL ACTION COMMITTEE ('MGIC-PAC')	finance	finance+real_estate	mortgage_finance	328500
C00142158	REWORLD WASTE, LLC POLITICAL ACTION COMMITTEE (REWORLD WASTE PAC)	NONE	real_estate+retail	other_services	328400
C00764886	LASTING INVESTMENTS STRENGTHENING AMERICA PAC	NONE	finance+lobby	leadership_or_party_pac	327400
C00697375	MILLIKEN & COMPANY PAC	manufacturing	real_estate+retail	industrial_manufacturing	325500
C00381954	ATMOS ENERGY CORPORATION PAC	utilities	oil_gas	gas_utility	325400
C00691162	HOOSIER PAC	NONE	lobby	unknown_abstract_pac	324500
C00566059	REMEDY PAC	NONE	lobby+pharma	unknown_abstract_pac	323580
C00041608	POTLATCHDELTIC CORPORATION POLITICAL ACTION COMMITTEE (POTLATCHDELTIC PAC)	agriculture	real_estate	agriculture_producer	323250
C00303883	CASE NEW HOLLAND INDUSTRIAL INC. EXCELLENCE IN GOVERNMENT FUND (CNH INDUSTRIAL EXCELLENCE IN GOVERNMENT FUND)	manufacturing	agriculture+legal	industrial_manufacturing	322500
C00228296	THE ASCAP LEGISLATIVE FUND FOR THE ARTS	media	labor+legal	media_entertainment	322000
C00139519	MOTION PICTURE ASSOCIATION INC POLITICAL ACTION COMMITTEE (MPAAMERICA PAC)	media	retail+tech	media_entertainment	319500
C00845099	SEND IN THE SEAL PAC	NONE	defense	unknown_abstract_pac	318200
C00772434	PAC FOR AMERICA	NONE	lobby	unknown_abstract_pac	317500
C00547356	INLAND EMPIRE STRIKES PAC; THE	NONE	labor	unknown_abstract_pac	316400
C00552539	MAKE IT WORK PAC	NONE	lobby	unknown_abstract_pac	316000
C00765982	STAND FOR AMERICA PAC	NONE	lobby	leadership_or_party_pac	314300
C00886036	ALPHA KAPPA ALPHA SORORITY PAC, INC. (AKA AKA 1908 PAC)	NONE	labor	nonprofit_other	311565
C00321158	SALEM MEDIA GROUP POLITICAL ACTION COMMITTEE, INC.	media	retail	media_entertainment	311200
C00774588	MISSION FIRST PEOPLE ALWAYS PAC	NONE	lobby	unknown_abstract_pac	307864
C00531632	DEFENSE, ECONOMIC RENEWAL, EDUCATION AND KNOWLEDGE PAC	NONE	defense	leadership_or_party_pac	305000
C00349233	NEW MILLENNIUM PAC	NONE	lobby	unknown_abstract_pac	305000
C00085910	FERT PAC (THE POLITICAL ACTION COMMITTEE OF THE FERTILIZER INSTITUTE)	manufacturing	agriculture	chemicals	303500
C00311142	TROUTMAN PEPPER HAMILTON SANDERS LLP POLITICAL ACTION COMMITTEE, INC.	legal	legal+lobby	law_firm	300900
C00563072	COEUR MINING, INC. PAC	mining	agriculture+oil_gas	hardrock_mining	299500
C00119354	TENET HEALTHCARE CORPORATION POLITICAL ACTION COMMITTEE	health	lobby+pharma	health_provider	299400
C00747766	TRUTH TO POWER	lobby	finance+lobby	ideological_advocacy	298800
C00540906	CHERPAC	NONE	lobby	unknown_abstract_pac	298500
C00564690	CAPA21- FEDERAL	NONE	agriculture+lobby	unknown_abstract_pac	297300
C00659060	PCG (PERFORMANCE CONTACTING GROUP) EMPLOYEE OWNERS PAC	real_estate	defense+lobby	construction_contractor	297000
C00509356	CERRIS INC. POLITICAL ACTION COMMITTEE (FORMERLY KNOW AS MMC CORP PAC)	real_estate	lobby	construction_contractor	297000
C00420000	NATIONAL ASSOCIATION OF LANDSCAPE PROFESSIONALS INC. PAC	NONE	agriculture	other_services	295300
C00564260	CLEAN PAC	NONE	lobby	unknown_abstract_pac	294704
C00489302	SUNRUN INC POLITICAL ACTION COMMITTEE (SUNRUN PAC)	utilities	tech	renewables	293500
C00251447	I.P.H.F.H.A. POLITICAL ACTION COMMITTEE	NONE	legal+pharma	unknown_abstract_pac	290000
C00442905	GARNEY HOLDING CO. PAC	real_estate	lobby+real_estate	construction_contractor	290000
C00405050	BRINGING EVERYONE TOGETHER THROUGH ADVOCACY	NONE	lobby	unknown_abstract_pac	289559
C00366559	NRG ENERGY INC POLITICAL ACTION COMMITTEE	utilities	oil_gas	electric_utility	289500
C00789164	FOOD SOLUTIONS ACTION PAC (FSA PAC)	retail	agriculture+retail	restaurant_foodservice	288430
C00084475	3M COMPANY PAC	manufacturing	tech	industrial_manufacturing	287418
C00485540	LEADERSHIP FOR AMERICA TODAY TOMORROW AND ALWAYS PAC	NONE	lobby	leadership_or_party_pac	287000
C00238204	PAKISTANI AMERICAN PUBLIC AFFAIRS COMMITTEE PAK-PAC	lobby	legal+lobby	single_issue_advocacy	284300
C00459008	BROOKDALE SENIOR LIVING PAC	health	real_estate	health_provider	283000
C00109819	COALPAC, A POLITICAL ACTION COMMITTEE OF THE NATIONAL MINING ASSOCIATION	mining	oil_gas	coal_mining	280150
C00413567	NATIONAL ASSOCIATION OF FARM SERVICE AGENCY COUNTY OFFICE EMPLOYEES INC PPC AKA NASCOE PAC	NONE	agriculture	professional_assoc_other	279500
C00818740	CALL TO SERVICE PAC	NONE	lobby	unknown_abstract_pac	279500
C00087874	CONAGRA BRANDS, INC. GOOD GOVERNMENT ASSOCIATION	retail	agriculture	food_beverage_manufacturer	279000
C00629576	BUILD OUR MOVEMENT PAC	NONE	lobby	unknown_abstract_pac	278900
C00724229	VICTORY EAST	NONE	lobby	unknown_abstract_pac	278900
C00401786	FREEDOM'S DEFENSE FUND	lobby	defense	ideological_advocacy	278750
C00625772	DEMOCRATIC WOMEN OF THE SOUTH ORANGE COUNTY	NONE	lobby	leadership_or_party_pac	278600
C00570606	ALUMINUM ASSOCIATION POLITICAL ACTION COMMITTEE 'ALUMINUM PAC'	manufacturing	defense	steel_metals	278500
C00320101	FREEPORT-MCMORAN INC. CITIZENSHIP COMMITTEE	mining	oil_gas	hardrock_mining	276000
C00635219	DELIVERING AMERICAN VALUES IN DC PAC	NONE	lobby	leadership_or_party_pac	276000
C00786368	31 DAYS PAC	NONE	lobby	unknown_abstract_pac	275900
C00197160	TEXANS FOR LAMAR SMITH	NONE	legal+lobby	leadership_or_party_pac	275500
C00287714	CARNIVAL/PRINCESS HOLLAND AMERICA LINE INC. PAC (HALPAC)	retail	transportation	hospitality_travel	274500
C00896688	JOBS OPPORTUNITY NOW POLITICAL ACTION COMMITTEE	NONE	lobby	leadership_or_party_pac	274500
C00892901	INNOVATION FOR GOOD PAC	NONE	tech	unknown_abstract_pac	274000
C00343707	MAXIMUS INC POLITICAL ACTION COMMITTEE (MAXPAC)	NONE	defense+tech	other_services	274000
C00111880	CEMEX INC. EMPLOYEES PAC	manufacturing	real_estate	industrial_manufacturing	272900
C00806893	JANE FONDA CLIMATE PAC	lobby	lobby+oil_gas	single_issue_advocacy	272900
C00576215	CHARTER SCHOOLS ACTION PAC	NONE	legal	education	272550
C00685115	GROWING OUR OWN DYNAMIC ECONOMY NOW	NONE	lobby	leadership_or_party_pac	272400
C00716423	THE NEXT 50 PAC	NONE	lobby	unknown_abstract_pac	272000
C00630632	ELISE VICTORY FUND	NONE	lobby	leadership_or_party_pac	271513
C00641142	AMERICANS FOR LEGISLATING EXCELLENCE PAC	NONE	lobby	unknown_abstract_pac	270950
C00145623	AMERICAN STAFFING ASSOCIATION STAFFING PAC	NONE	labor+lobby	other_services	270800
C00724443	SUNFLOWER SEEDS PAC	NONE	agriculture	unknown_abstract_pac	270000
C00742346	GET AMERICA RIGHT: COMMUNITY IN ACTION	lobby	labor	ideological_advocacy	269100
C00778308	SOUTHERN STATES PAC	NONE	agriculture+lobby	unknown_abstract_pac	269000
C00114702	OCEAN SPRAY CRANBERRIES INC. POLITICAL ACTION COMMITTEE	retail	agriculture	food_beverage_manufacturer	269000
C00767640	RANGER PAC	NONE	agriculture+lobby	unknown_abstract_pac	269000
C00859538	ALSOPAC	NONE	lobby	unknown_abstract_pac	267500
C00694471	AMERICAN MOSAIC PAC	NONE	lobby	unknown_abstract_pac	263400
C00002790	OLIN CORPORATION GOOD GOVERNMENT FUND (OLIN WINCHESTER GOOD GOVERNMENT FUND)	manufacturing	defense	chemicals	262500
C00446948	ENGINEERING AND SOFTWARE SYSTEMS SOLUTIONS, INC. PAC	defense	defense+tech	defense_contractor	261000
C00740704	CARRIER GLOBAL CORPORATION POLITICAL ACTION COMMITTEE	manufacturing	defense+tech	industrial_manufacturing	261000
C00459800	PROFESSIONAL ENGINEERS IN CALIFORNIA GOVERNMENT FEDERAL PAC (PECG FED-PAC)	labor	labor+legal	labor_union	260800
C00740605	THE GUIDEHOUSE INC. POLITICAL ACTION COMMITTEE (GUIDEHOUSE PAC)	legal	defense	accounting_consulting	260000
C00435735	TELEVISAUNIVISION, INC. EMPLOYEE POLITICAL ACTION COMMITTEE	media	tech	media_entertainment	259750
C00439646	DEMOCRATS OF ORANGE COUNTY POLITICAL ACTION COMMITTEE (DEMOC PAC)	NONE	lobby	leadership_or_party_pac	259000
C00459925	CHARTER OAK PAC	NONE	lobby	unknown_abstract_pac	258500
C00821744	ENACT HOLDINGS, INC. POLITICAL ACTION COMMITTEE (ENACT PAC)	finance	finance+real_estate	mortgage_finance	258000
C00727784	SERVICE FIRST PAC	NONE	defense+lobby	unknown_abstract_pac	257200
C00570101	VIBE PAC (VICTORY BY INVESTING BUILDING EMPOWERING)	NONE	lobby	unknown_abstract_pac	257000
C00561779	AMERICAN INNOVATION POLITICAL ACTION COMMITTEE (AMI PAC)	NONE	tech	unknown_abstract_pac	256500
C00345058	COMMON SENSE COMMON SOLUTIONS POLITICAL ACTION COMMITTEE	NONE	finance+lobby	unknown_abstract_pac	255900
C00577288	DECIDING CRITICAL RACES PAC (DCR PAC)	NONE	lobby	unknown_abstract_pac	255300
C00542431	JOHN BOLTON PAC	NONE	defense+lobby	leadership_or_party_pac	255000
C00571216	DEFENDING AMERICAN VALUES EVERYWHERE PAC	NONE	lobby	leadership_or_party_pac	254800
C00213066	CAREER EDUCATION COLLEGES AND UNIVERSITIES POLITICAL ACTION COMMITTEE	NONE	lobby	education	254062
C00010793	THE LOOSE GROUP	NONE	lobby	unknown_abstract_pac	253000
C00484592	CLEAN FUELS ALLIANCE AMERICA POLITICAL ACTION COMMITTEE	utilities	oil_gas	renewables	252500
C00343947	NEXT CENTURY FUND	NONE	lobby	unknown_abstract_pac	250000
C00789602	SYLVAMO CORPORATION PAC	manufacturing	agriculture+defense	industrial_manufacturing	250000
C00851998	PENNSYLVANIA HONOR	NONE	lobby	unknown_abstract_pac	249800
C00699439	ZILLOW GROUP, INC. POLITICAL ACTION COMMITTEE (ZG PAC)	tech	real_estate	software_internet	248000
C00425686	AMERICAN CONCRETE PIPE ASSOCIATION PAC	manufacturing	real_estate	industrial_manufacturing	247000
C00756551	AMERICAN GRIT PAC	NONE	lobby	unknown_abstract_pac	245500
C00430579	BRAVE PAC	NONE	lobby	unknown_abstract_pac	245000
C00335257	HEALTH & FITNESS ASSOCIATION PAC (FITPAC)	NONE	lobby+pharma+retail	other_services	244000
C00827881	CIRCLE THE WAGONS PAC	NONE	lobby	unknown_abstract_pac	243600
C00041061	AMERICAN PILOTS' ASSOCIATION POLITICAL ACTION COMMITTEE	transportation	labor+transportation	maritime_shipping	243500
C00484402	COUNTRY ROADS PAC	NONE	lobby	unknown_abstract_pac	243500
C00119776	GEORGIA POWER COMPANY FEDERAL PAC	utilities	defense+oil_gas	electric_utility	243500
C00654186	SOCK IT TO 'EM PAC	NONE	labor+lobby	unknown_abstract_pac	242900
C00325357	PIONEER POLITICAL ACTION COMMITTEE	NONE	legal+lobby	unknown_abstract_pac	242691
C00388777	SAMMONS ENTERPRISES INC. POLITICAL ACTION COMMITTEE	finance	finance+lobby	insurance	242500
C00213819	DELTA DENTAL PLANS ASSOCIATION PAC	health	pharma+transportation	health_insurer	240500
C00438358	AMSTED INDUSTRIES INCORPORATED PAC	manufacturing	transportation	industrial_manufacturing	238500
C00757344	MAKING A DIFFERENCE PAC	NONE	lobby	unknown_abstract_pac	238400
C00163253	MDU RESOURCES GROUP GOOD GOVERNMENT FUND	utilities	oil_gas	gas_utility	238200
C00638130	COWBOY PAC	NONE	lobby	unknown_abstract_pac	236800
C00635557	DO RIGHT BAYOU PAC	NONE	lobby+oil_gas	unknown_abstract_pac	236800
C00811786	DEMOCRACY DEFENSE FUND	lobby	defense+lobby	ideological_advocacy	235500
C00761957	IN OUR HANDS	NONE	lobby	unknown_abstract_pac	235500
C00819102	DREAMAKERS PAC	NONE	lobby	unknown_abstract_pac	235100
C00459123	NEW PIONEERS PAC	NONE	lobby	unknown_abstract_pac	234250
C00110478	PEABODY ENERGY CORPORATION POLITICAL ACTION COMMITTEE  (PEABODY PAC)	mining	oil_gas	coal_mining	232550
C00307991	RIPPLE OF HOPE PAC	NONE	lobby	unknown_abstract_pac	229890
C00542621	MAPLE PAC	NONE	lobby	unknown_abstract_pac	229500
C00636837	STAR PAC	NONE	lobby	unknown_abstract_pac	229000
C00048702	NATIONAL GRID USA POLITICAL ACTION COMMITTEE	utilities	oil_gas	electric_utility	228000
C00582726	JUMP INTO ACTION FOR CONSERVATIVES TO KEEP OUR IDEAS ELEVATED PAC	NONE	lobby	leadership_or_party_pac	227500
C00571943	FOSTERING PROGRESS PAC	NONE	labor+tech	unknown_abstract_pac	227100
C00820100	HELPING EXCEPTIONAL LEADERS ORGANIZE PAC (HELO PAC)	NONE	lobby	unknown_abstract_pac	226100
C00779827	MAX MILLER VICTORY	NONE	lobby	leadership_or_party_pac	225136
C00498931	COMMONWEALTH PAC	NONE	lobby	unknown_abstract_pac	225000
C00304634	MINEPAC, A POLITICAL ACTION COMMITTEE OF THE NATIONAL MINING ASSOCIATION	mining	oil_gas	coal_mining	224950
C00435024	CENTER FOR SPORTFISHING POLICY POLITICAL ACTION COMMITTEE AKA CENTER PAC	lobby	agriculture+lobby	single_issue_advocacy	223750
C00253187	BUFFALO RIVER POLITICAL ACTION COMMITTEE	NONE	lobby+real_estate	unknown_abstract_pac	222532
C00330233	ALLIANCE COAL, LLC PAC	mining	oil_gas	coal_mining	222000
C00525238	IMPACT COMMITTEE	NONE	lobby	unknown_abstract_pac	221746
C00491654	CITIZENS FOR PROSPERITY IN AMERICA TODAY PAC	lobby	defense+lobby	ideological_advocacy	221490
C00721233	BEAT THE ODDS PAC	NONE	lobby	unknown_abstract_pac	221100
C00743344	VILLAGEMD PAC	health	pharma+tech	health_provider	221000
C00211524	TEXAS AND SOUTHWESTERN CATTLE RAISERS ASSOCIATION PAC	agriculture	agriculture+transportation	agriculture_trade_assoc	220100
C00708172	PA-FIRST PAC	NONE	lobby	unknown_abstract_pac	220000
C00525030	TOGETHER EVERYONE REALIZES REAL IMPACT AKA TERRI PAC	NONE	lobby	leadership_or_party_pac	220000
C00034298	PPG INDUSTRIES INC. PAC	manufacturing	tech	chemicals	220000
C00485979	COGNIZANT TECHNOLOGY SOLUTIONS CORPORATION POLITICAL ACTION COMMITTEE (COGNIZANT PAC)	tech	lobby+tech	software_internet	218500
C00101592	PUGET SOUND ENERGY INC. PAC FOR GOOD GOVERNMENT	utilities	oil_gas	electric_utility	218498
C00849323	INDEPENDENT PILOTS ASSOCIATION POLITICAL ACTION COMMITTEE (IPAC)	labor	transportation	labor_union	218134
C00143867	EQUIFAX INC. POLITICAL ACTION COMMITTEE	finance	tech	fintech_payments	218000
C00099267	TEXAS DEMOCRATIC PARTY	NONE	lobby	leadership_or_party_pac	214691
C00828996	HEALTHEQUITY, INC PURPLE POLITICAL ACTION COMMITTEE (HEALTHEQUITY PURPLE POLITICAL ACTION COMMITTEE)	finance	pharma+tech	fintech_payments	214050
C00325076	CAMPAIGN FOR WORKING FAMILIES	lobby	labor+lobby	ideological_advocacy	212500
C00571182	GETTING STUFF DONE PAC (GSD-PAC)	NONE	labor+lobby	unknown_abstract_pac	212500
C00545236	NEW VOICE PAC	NONE	lobby	unknown_abstract_pac	209500
C00523233	EDF RENEWABLES, INC. PAC	utilities	oil_gas	renewables	209000
C00691147	ROUGHRIDER PAC	NONE	defense+lobby	unknown_abstract_pac	208800
C00816108	HISPANIC LEADERSHIP TRUST PARTNERSHIP	lobby	legal+lobby	ideological_advocacy	207300
C00829408	PAC IN THE SADDLE	NONE	lobby	unknown_abstract_pac	206800
C00652883	ALTERMAN MANAGEMENT GROUP, INC. PAC	NONE	lobby+real_estate	other_services	206000
C00603134	VISIONARY PAC	NONE	lobby	unknown_abstract_pac	205300
C00762369	SUMMITT PAC	NONE	lobby	unknown_abstract_pac	204600
C00692640	FIGHTING FOR MISSOURI PAC	NONE	lobby	unknown_abstract_pac	204400
C00409110	GREEN MOUNTAIN PAC	NONE	lobby	unknown_abstract_pac	203500
C00450866	CONCORDIA POLITICAL ACTION COMMITTEE, INC.	NONE	lobby+pharma	unknown_abstract_pac	203000
C00385534	LEGPAC	NONE	legal	unknown_abstract_pac	202500
C00208322	MANAGEMENT AND TRAINING CORPORATION POLITICAL ACTION COMMITTEE	NONE	defense+legal	other_services	201500
C00819425	OLD BREED PAC	NONE	defense+lobby	unknown_abstract_pac	201299
C00669929	COMMON GOOD PAC	NONE	lobby	unknown_abstract_pac	193800
C00498360	TRUTH IS MARKETS WORK FUND	lobby	finance+lobby	ideological_advocacy	193000
C00590356	BUILDING AND RESTORING THE AMERICAN DREAM FUND	NONE	lobby	unknown_abstract_pac	192900
C00809012	FROGMAN PAC	NONE	lobby	unknown_abstract_pac	192400
C00076737	SOUTHWEST GAS CORPORATION POLITICAL ACTION COMMITTEE	utilities	oil_gas+transportation	gas_utility	192000
C00686832	WAY TO LEAD PAC	NONE	lobby	unknown_abstract_pac	190347
C00571802	SENSIBLE AMERICAN SOLUTIONS SUPPORTING EVERYONE PAC	NONE	lobby	leadership_or_party_pac	190000
C00571042	MOTORSPORTS ACCEPTANCE CORPORATION POLITICAL ACTION COMMITTEE (SPEED PAC)	finance	finance+transportation	consumer_lending	189000
C00490235	AMERICA'S FUTURE, TOGETHER	NONE	lobby	unknown_abstract_pac	189000
C00406553	PROGRESSIVE VOTERS OF AMERICA	lobby	labor+lobby	ideological_advocacy	188000
C00842583	AFFORDABLE HOUSING TAX CREDIT COALITION POLITICAL ACTION COMMITTEE (AFFORDABLE HOUSING PAC	real_estate	finance+real_estate	real_estate	187000
C00764290	BLOOM ENERGY CORPORATION PAC (BE PAC)	utilities	lobby+tech	renewables	186600
C00720920	EMPLOYEES OF QUANTA SERVICES, INC.	real_estate	transportation	engineering_construction	186400
C00466870	LEADERSHIP FOR ENTERPRISE AND OPPORTUNITY PAC	NONE	lobby	unknown_abstract_pac	183000
C00545137	LEADERSHIP OPPORTUNITY INNOVATION SERVICE PAC	NONE	lobby	leadership_or_party_pac	182500
C00432096	KEYSTONE ALLIANCE POLITICAL ACTION COMMITTEE	NONE	lobby	unknown_abstract_pac	182400
C00502096	MICHIGAN'S FUTURE PAC	NONE	lobby	unknown_abstract_pac	181100
C00822601	MISSOURI SCHMITT VICTORY COMMITTEE 2022	NONE	lobby	leadership_or_party_pac	181000
C00248948	PEOPLE HELPING PEOPLE	NONE	lobby	unknown_abstract_pac	181000
C00486720	SEA CHANGE PAC	NONE	lobby	unknown_abstract_pac	179350
C00432393	CRUISE LINES INTERNATIONAL ASSOCIATION PAC (CLIA PAC)	retail	transportation	hospitality_travel	178500
C00688549	DAKOTA LEADERSHIP PAC	NONE	lobby	unknown_abstract_pac	177400
C00841908	A PLEASANT PENINSULA PAC	NONE	lobby	unknown_abstract_pac	177100
C00343590	MECHANICAL CONTRACTORS ASSOCIATION OF AMERICA POLITICAL ACTION COMMITTEE (MCA-PAC)	real_estate	labor+real_estate	construction_contractor	177100
C00829119	BACPAC	NONE	lobby	unknown_abstract_pac	176600
C00575894	BLUE POWER PAC	lobby	labor+lobby	ideological_advocacy	176500
C00788596	LANKFORD YOUNG VICTORY COMMITTEE	NONE	lobby	leadership_or_party_pac	175426
C00726729	SOUTH JERSEY UNITED IN TRUST (SJUIT) PAC	NONE	defense+lobby	unknown_abstract_pac	175100
C00818542	FIELD OF DREAMS PAC	NONE	lobby	unknown_abstract_pac	175100
C00752790	JOBS AND THE ECONOMY PAC	NONE	lobby	unknown_abstract_pac	173000
C00824342	WAY BACK PAC	NONE	lobby	unknown_abstract_pac	172700
C00766774	MARJORIE TAYLOR GREENE'S PEOPLE OVER POLITICIANS COMMITTEE	NONE	lobby	leadership_or_party_pac	172520
C00877621	MAINTAINING AMERICAN COMPETITIVENESS PAC	NONE	lobby	unknown_abstract_pac	171299
C00657262	GO PAC GO	NONE	lobby	unknown_abstract_pac	171000
C00516526	ALLIANCE FOR AUTOMOTIVE INNOVATION POLITICAL ACTION COMMITTEE	manufacturing	transportation	auto_manufacturing	170794
C00524603	KEEP AMERICA ROLLING	NONE	transportation	unknown_abstract_pac	170600
C00374355	SHIPBUILDERS COUNCIL OF AMERICA PAC	defense	defense+real_estate	defense_contractor	167500
C00004101	NATIONAL UTILITY CONTRACTORS ASSOCIATION LEGISLATIVE INFORMATION AND ACTION COMMITTEE	real_estate	lobby+transportation	construction_contractor	167000
C00691634	ADVANCED DRAINAGE SYSTEMS, INC. PAC	manufacturing	agriculture+real_estate	industrial_manufacturing	166250
C00711747	THE GREENBRIER COMPANIES, INC. PAC (AKA GREENBRIER PAC)	manufacturing	transportation	industrial_manufacturing	165500
C00281717	AMERICAN TRAFFIC SAFETY SERVICES ASSOCIATION PAC	real_estate	transportation	construction_contractor	160000
C00841114	JUSTICE VICTORY COMMITTEE	NONE	legal+lobby	leadership_or_party_pac	153500
C00580894	VAIL RESORTS EMPLOYEE POLITICAL ACTION COMMITTEE	retail	real_estate+retail	hospitality_travel	153500
C00816728	MARQUIS MASTER SC, INC. PAC (MARQUIS PAC)	health	lobby+real_estate	health_provider	150400
C00368902	DAVID VOLKERT & ASSOCIATES, INC. POLITICAL ACTION COMMITTEE ('DVA/HC PAC')	real_estate	legal+real_estate	engineering_construction	142100
C00034355	PEOPLE PAC (PACCAR INC EMPLOYEES ORGANIZED FOR POLITICAL LEADERSHIP AND EDUCATION PAC)	manufacturing	transportation	auto_manufacturing	140000
C00491589	NATIONAL CREDITORS BAR ASSOCIATION PAC	legal	finance+legal	legal_trade_assoc	135500
C00213348	HOLCIM US EMPLOYEES PAC	manufacturing	pharma+real_estate	industrial_manufacturing	127900
C00629832	BUILDING OPPORTUNITIES FOR A STRONGER TOMORROW B.O.S.T. PAC	NONE	lobby+real_estate	leadership_or_party_pac	127500
C00764753	AHORA PAC	lobby	lobby+pharmaceutical	ideological_advocacy	124900
C00361253	FLORIDA TRANSPORTATION BUILDERS ASSOCIATION, INC. FEDERAL PAC	real_estate	real_estate+transportation	construction_contractor	122000
C00239947	CAESARS ENTERTAINMENT, INC. POLITICAL ACTION COMMITTEE	retail	real_estate	gaming_casino	121600
C00542514	VIGOR PAC	NONE	lobby+transportation	unknown_abstract_pac	117500
C00390963	ARDENT LEGACY HOLDINGS LLC GOOD GOVERNMENT FUND	health	finance+real_estate	health_provider	109100
C00399642	LAS VEGAS SANDS CORP. POLITICAL ACTION COMMITTEE (SANDS PAC)	retail	real_estate+retail	gaming_casino	107000
C00373910	GLOBAL BUSINESS TRAVEL ASSOCIATION PAC (BUSINESS TRAVEL PAC)	retail	transportation	hospitality_travel	107000
C00633818	OLD NORTH STATE PAC	NONE	lobby+transportation	unknown_abstract_pac	102000
C00764415	APL PAC	transportation	lobby+real_estate	maritime_shipping	98800
C00357608	CALIFORNIA WATER SERVICE GROUP POLITICAL ACTION COMMITTEE	NONE	real_estate	other_services	92600
C00200089	OWENS CORNING BETTER GOVERNMENT FUND	manufacturing	real_estate	industrial_manufacturing	91000
C00128975	CMHA BLOCK & PAVER PAC CONCRETE MASONRY AND HARDSCAPES VALLEY DRIVE	manufacturing	real_estate	industrial_manufacturing	83500
C00411769	QC HOLDINGS, INC. POLITICAL ACTION COMMITTEE	finance	pharma+real_estate	consumer_lending	79900
C00401034	BUILDING FOUNDATIONS & LANDMARK OPPORTUNITIES PAC (BFLO PAC)	NONE	real_estate	unknown_abstract_pac	76600
C00571570	INLAND EMPIRE LEADERSHIP PAC	NONE	real_estate	unknown_abstract_pac	74000
C00378950	SMOKE BEND ASSOCIATES LLC FEDERAL POLITICAL ACTION COMMITTEE	NONE	lobby+real_estate	unknown_abstract_pac	69082
C00906669	NESTPOINT PAC	NONE	real_estate	unknown_abstract_pac	68000
C00263731	RED ROCK RESORTS, INC. PAC	retail	real_estate+retail	gaming_casino	67500
C00172635	BASS BROTHERS ENTERPRISES INC. - POLITICAL ACTION COMMITTEE	oil_gas	real_estate	oil_gas_upstream	65000
C00156935	AMERICAN INTELLECTUAL PROPERTY LAW ASSOCIATION (AIPLA) PAC	legal	real_estate	legal_trade_assoc	62500
C00523613	DEXTER APACHE HOLDINGS INC PAC ('DEXTER APACHE PAC')	manufacturing	defense+real_estate	industrial_manufacturing	62000
C00214866	STV GROUP INC POLITICAL ACTION COMMITTEE	real_estate	real_estate+retail	engineering_construction	61100
C00630541	BLOCK BY BLOCK PAC	NONE	lobby+real_estate	unknown_abstract_pac	45000
C00428391	REPUBLIC SERVICES INC. EMPLOYEES FOR BETTER GOVT. PAC	NONE	real_estate+retail	other_services	44000
