official_id	full_name	first_name	tier	role_title	jurisdiction	is_active	stored_fec_id	verdict	total_rows	total_usd	own_rows	own_usd	cross_rows	cross_usd	diverted_rows	diverted_usd	trial_moved	trial_collided	trial_collision_rate	cross_amount_mismatch_rows	cross_suspect_excess_usd	cross_owner_excess_usd	same_person_owner_fec_ids	cross_person_owner_fec_ids	best_owner_name	best_owner_fec_id	best_owner_relation	best_owner_holding_usd	best_owner_shared_rows	owner_count	zero_owner_fec_ids	diverted_cycles	first_at	last_at
6113aa61-35a9-4010-86fe-8c27ac54a490	David Porter	David	elected	Federal Judge	US	true		DUPLICATED	6133	7391766.00	0	0.00	6133	7391766.00	0	0.00	473	5660	0.9229	0	0.00	0.00		S4CA00522,H8CA45130,H6CA41232	Katherine Porter	S4CA00522	CROSS	5693249.00	5660	3	H2CA33253,H2FL11182,H2ID02232,H2LA02255,H6TX18208,H6TX18216,H8VA02095,H8VA11088,P00012690,P40009631,S2MO00569		2019-02-19	2025-09-19
0b99d98e-42ca-466f-9c16-f751eacaf708	Heather Cooke	Heather	elected	Council Member	AUS	false	H4WI03169	DUPLICATED	4871	6001754.00	0	0.00	4871	6001754.00	0	0.00	203	4668	0.9583	260	17500.00	242534.00		H2WI03130,H4WI03169	Rebecca Cooke	H2WI03130	CROSS	6335566.00	4668	2	H0GA14071,H6FL21109,P40006116,S2NC00539		2022-06-06	2026-03-31
e9015ab5-913e-4f2c-a917-190ebd0dde22	Al Green	Al	elected	Representative	TX	true		MIXED	2026	3941878.00	680	1286478.00	1346	2655400.00	0	0.00	930	1096	0.5410	36	36450.00	22435.00	H4TX09095,H2TX29030	H8TN07076,H2IN01172,H6FL02299,S6OK04171,H6AR01155,H2FL08139	Mark Green	H8TN07076	CROSS	2133628.00	1096	8	H0CA08184,H2IL11181,H2MN24019,H2NY09136,H4UT02338,H6FL09294,H6SC86012,H6SC86020,H8MA03114,H8PA02102,H8TX22248,P00006478,P00010488,P00011551,S6CA01038,S6FL00681,S6IN00282		2019-01-07	2026-03-31
8f1e45d1-ec6f-426e-b49e-cb0198d24db0	David Coleman	David	elected	Council Member	AUS	false	H6TX10171	DUPLICATED	1002	2585174.00	0	0.00	1002	2585174.00	0	0.00	204	798	0.7964	7	21500.00	0.00		H4NJ12149,H4AL02097,H0AL02145,H4MO03213,H6TX10171,H0UT04043,H6TX08225,H6IL02280,H8NC02110,H6IN02155	Bonnie Coleman	H4NJ12149	CROSS	2063658.00	798	10	H2AL02182,H2MI13410,H4CO02128,H4GA13059,H8OK01124,P40006082,P40012189,P80008618,S0TX00431		2015-10-14	2026-02-11
ad80e520-5642-417b-89bc-015746611da0	Beverly Andrews	Beverly	elected	Council Member	AUS	false	S6SC04239	DUPLICATED	2705	2254585.00	0	0.00	2705	2254585.00	0	0.00	176	2529	0.9349	134	0.00	85128.00		S6SC04239,H4CO03316,H0VA10186,H2SC01127,H0NJ01066,H2OK02307	Annie Andrews	S6SC04239	CROSS	2511558.00	2529	6	H2CA09162,H2KY05193,S4TX00763,S8NJ00392		2020-04-20	2026-03-31
a3137bf0-c622-4216-a962-bc4e9a924c8c	Gregory Phillips	Gregory	elected	Federal Judge	US	true		DUPLICATED	1484	2121088.00	0	0.00	1484	2121088.00	0	0.00	418	1066	0.7183	49	93300.00	0.00		P40016131,H8MN03143,S4NV00262,S6WV00170,H6NY22098	Dean Phillips	P40016131	CROSS	1330359.00	1066	5	H0IA02198,H0NJ07253,H2CA12166,H2OR01265,H4CA01090,H4NC13181,H6CA32165,H6MO01329,H6VA08302,H8TN04099,P00011619,P00015123,P40012429,P80007214		2019-01-15	2026-02-27
83e45cae-7ac0-4934-9a5a-64ad81a23eed	Radhika Fox	Radhika	elected	Council Member	SF	false	P60005303	DUPLICATED	1813	1975721.00	0	0.00	1813	1975721.00	0	0.00	0	1813	1.0000	0	0.00	0.00		H4FL13200	Whitney Fox	H4FL13200	CROSS	1975721.00	1813	1	H0CA18084,H0CA53156,H2CA16167,H2PA18226,H2RI02176,H4CA18094,H6CA20244,H6WA06286,P00008318,P00011809,P40005894,P60005303,P60023751,S2FL00680		2023-09-23	2024-12-03
42305735-9ea0-4c1d-a56d-c7110fc28e7b	Richard Greene	Richard	elected	Council Member	SEA	false	H4TN07174	MIXED	2028	1961461.00	0	0.00	2025	1960261.00	3	1200.00	5	2023	0.9975	0	0.00	0.00		H0GA06192,H8AZ05154	Marjorie Greene	H0GA06192	CROSS	1958461.00	2023	2	H0OK05197,H2NJ19031,H4TN07174,H8KY01058,H8WA08064,P00005868,P00017061,S0GA00724	2024	2019-12-26	2024-12-31
d70801cf-9567-41ca-9eb3-6ee91e399e30	Brandon Williamson	Brandon	elected	Council Member	AUS	false	H6VA02156	DUPLICATED	1408	1913472.00	0	0.00	1408	1913472.00	0	0.00	124	1284	0.9119	1	0.00	250.00		P00009910,H6VA02156	Marianne Williamson	P00009910	CROSS	1799492.00	1284	2	H2AZ06254,H4CA33085,H6NC12147,H8IN06145		2020-01-21	2025-11-08
9cce6e52-d750-44e7-89b4-8ff2ba694c98	Stuart Duncan	Stuart	elected	Federal Judge	US	true		DUPLICATED	718	1912303.00	0	0.00	718	1912303.00	0	0.00	3	715	0.9958	2	2000.00	0.00		H0SC03077,H8TN02069,H0IL15186	Jeffrey Duncan	H0SC03077	CROSS	1901803.00	715	3	H0CA50194,H4SC03145,H4TX18112,H6NC02114,H8TX08122,S6KY00195,S6KY00419,S6TX00339,S6TX00354		2019-02-06	2023-12-27
78e5a333-3b26-48f0-880a-07ab29877f46	Mark Bennett	Mark	elected	Federal Judge	US	true		DUPLICATED	1205	1837966.00	0	0.00	1205	1837966.00	0	0.00	141	1064	0.8830	210	0.00	202710.00		H6NJ07201,H6CA06268,H4GA03050,H0NC11191,H6VA11082,H0ME02075,H6CO07122,H8IL10115	Rebecca Bennett	H6NJ07201	CROSS	2387584.00	1064	8	H0NJ02163,H2SC04162,H6AZ01173,H6NC02197,S2FL00540,S4FL00751,S6IL00391		2019-07-22	2026-03-26
0089ae50-b066-489a-912c-bea2415767bb	Sage Lawrence	Sage	elected	Council Member	SEA	false	H6NC11230	DUPLICATED	655	1753417.00	0	0.00	655	1753417.00	0	0.00	375	280	0.4275	50	0.00	43290.00		H2MI14111,H6MI07298,H4UT03278,H6NC11230,H6AR03136	Brenda Lawrence	H2MI14111	CROSS	939677.00	280	5	H0TX27079,H4MI06139,H6MN02123,H6NH02238,H6NY16132,H8PA01245		2019-01-16	2026-02-06
e3f8781d-7ab8-4b55-be88-4d8976b2c8dc	Jane Roth	Jane	elected	Federal Judge	US	true		MIXED	724	1734583.00	0	0.00	721	1723283.00	3	11300.00	345	379	0.5235	68	1000.00	47808.00		H6NJ07235,H4WI08085,H4ID02089,H4MO08238,S6ID00138,H0WI08117	Michael Roth	H6NJ07235	CROSS	817237.00	379	6	H0NY19170,S2CA01326,S2ID00178	2026	2023-06-02	2025-12-31
baa7e023-aced-4ba3-8472-ad50f39dd342	Gena McKinley	Gena	elected	Council Member	AUS	false	H0WV01072	DUPLICATED	464	1652618.00	0	0.00	464	1652618.00	0	0.00	1	463	0.9978	0	0.00	0.00		H0WV01072,H6WA04141	David Mckinley	H0WV01072	CROSS	1649000.00	463	2	P00012138		2019-01-25	2022-09-01
80605517-664f-496e-943d-864e83fe03a9	Teresa Dixon	Teresa	elected	Council Member	AUS	false	H6NJ12359	DUPLICATED	773	1575179.00	0	0.00	773	1575179.00	0	0.00	30	743	0.9612	0	0.00	0.00		H4CA16247,H2SC06134,H6AL06135,H4NC13124	Peter Dixon	H4CA16247	CROSS	1558795.00	743	4	H2TX30160,H4TX20043,H6GA12106,H6WI04089,P00005470,P40011132,P80009053,S2SC00186,S8MO00335		2023-04-05	2025-12-15
05297151-af7c-4b38-a6e3-b5edb81b25f4	Yvette Mendoza	Yvette	elected	Council Member	AUS	false	H6NJ07268	DUPLICATED	1185	1571436.00	0	0.00	1185	1571436.00	0	0.00	230	955	0.8059	183	0.00	252397.00		H6AZ06099,H6IL07495,H4AZ03158,H6NJ07268	Joanna Mendoza	H6AZ06099	CROSS	3497899.00	955	4	H0CA38165,H2CA37338,H6CA53062,H6LA02173,H8CA34191,S2LA00184,S6LA00409		2024-05-10	2026-03-27
f2331645-9426-4a71-b016-97ea4c39b4f9	Joy Hollingsworth	Joy	elected	Council Member	SEA	true	H6IN09176	DUPLICATED	450	1490344.00	0	0.00	450	1490344.00	0	0.00	0	450	1.0000	0	0.00	0.00		H6IN09176	Trey Hollingsworth	H6IN09176	CROSS	1490344.00	450	1			2019-01-28	2024-01-01
541e5b70-4ac7-4a7c-b359-7b2da368b3f4	HB Harper	HB	elected	Council Member	SEA	false	H6SC05178	MIXED	1566	1444024.00	0	0.00	1565	1443024.00	1	1000.00	27	1539	0.9828	0	0.00	0.00		S4MI00553,H6SC05178,S2OH00469,H0IN01143,H0OH03103,H2TX04140	Frank Harper	S4MI00553	CROSS	1407119.00	1539	6	H2AZ09258,H6TX32100,H8MS03067,P00011510,S2SC00194	2024	2019-12-11	2025-07-31
11ccb82f-3150-4ebe-b71c-41c37ff80caa	Jacquel Gibbs	Jacquel	elected	Council Member	AUS	false	H6CA27306	DUPLICATED	467	1394118.00	0	0.00	467	1394118.00	0	0.00	207	260	0.5567	18	39000.00	16951.00		H0OH18077,H6CA27306,H2MI03197,H0NJ03211,H0OH04119	Robert Gibbs	H0OH18077	CROSS	808045.00	260	5	S4MD00640		2019-01-24	2025-12-18
668393bd-42bf-40db-80e2-49fbd28e33e5	Jesse Franz	Jesse	elected	Council Member	SEA	false	H4WA06109	DUPLICATED	943	1316422.00	0	0.00	943	1316422.00	0	0.00	0	943	1.0000	0	0.00	0.00		H4WA06109	Hilary Franz	H4WA06109	CROSS	1316422.00	943	1			2023-11-10	2024-11-04
bfd68ac8-1dee-4d79-a41c-5c142c314c0b	Saroja Reddy	Saroja	elected	Council Member	SEA	false	H4KS03212	DUPLICATED	605	1313782.00	0	0.00	605	1313782.00	0	0.00	0	605	1.0000	0	0.00	0.00		H4KS03212	Prasanth Reddy	H4KS03212	CROSS	1313782.00	605	1			2023-07-01	2024-12-20
dbb00a26-acdd-4050-9f75-83823acbef28	Rachel Morris	Rachel	elected	Council Member	AUS	false	S6KY00302	DUPLICATED	474	1270266.00	0	0.00	474	1270266.00	0	0.00	2	472	0.9958	30	0.00	48123.00		S6KY00302,H6PA03211	Nate Morris	S6KY00302	CROSS	1478087.00	472	2	H0DE01066,H0MD02222,H2IL17154,H2NV03237,H2SC06167,H2SC07306,H6DC00204,H6KY00302,P00014498,P80008956		2025-06-26	2025-12-31
67fcf177-7869-489a-b992-2b2aca95f0b8	Bill Barnes	Bill	elected	Council Member	SF	false	H6IL15126	DUPLICATED	242	1211822.00	0	0.00	242	1211822.00	0	0.00	59	183	0.7562	2	0.00	3500.00		S2WI00441,H6AL04155,H4MD06308,H0TX14176	Mandela Barnes	S2WI00441	CROSS	1135198.00	183	4	H2OH11185,H4RI01158,H4TX18146,H6FL02398,H6FL11258,H6IL15126,H8TX14138,P00008409,P00012922		2020-01-09	2026-03-23
53d4b173-6950-4239-a92a-7bfe7c9e6f99	Susan Delgado	Susan	elected	Council Member	AUS	false	S6IL00607	DUPLICATED	351	1068277.00	0	0.00	351	1068277.00	0	0.00	23	328	0.9345	5	11175.00	0.00		H8NY19181,H0CA40138,H0MD01216,S6IL00607	Antonio Delgado	H8NY19181	CROSS	1002489.00	328	4	P00009597		2019-03-20	2025-09-10
862515c5-e29b-4888-a71e-97756064a9bf	Darryl Brooks	Darryl	elected	Council Member	SEA	false	H6PA07188	DUPLICATED	512	993733.00	0	0.00	512	993733.00	0	0.00	176	336	0.6563	43	16000.00	48150.00		H6PA07188,H2IN05082,H0AL05163,S8AL00381,H2FL02140	Bob Brooks	H6PA07188	CROSS	966270.00	336	5	H0NC09278,H2MS04266,H2PA14092,H2TN05347,H8GU01046,H8PA18272,P40009854,P40012767,P40020067,P60007341,P60021680,S0TN00235,S6MN00523		2019-02-05	2026-03-31
6b6441e8-19fe-4939-b651-d4e61e2f81a9	Conor Johnston	Conor	elected	Council Member	SF	false	H6NE02166	DUPLICATED	561	926011.00	0	0.00	561	926011.00	0	0.00	3	558	0.9947	0	0.00	0.00		H4TN05137,H6NE02166	Courtney Johnston	H4TN05137	CROSS	923511.00	558	2	H4FL01254,P00006163,S0CO00468		2024-04-02	2025-06-18
3683402f-a3aa-4c25-844f-dfcab6f8c33e	Wendy Harrison	Wendy	elected	Council Member	AUS	false	H6GA23012	DUPLICATED	237	905958.00	0	0.00	237	905958.00	0	0.00	51	186	0.7848	17	38200.00	10700.00		S0SC00289,H6FL23139,H0NJ02197,H2TX06269,H0NE02185	Jaime Harrison	S0SC00289	CROSS	806510.00	186	5	H0GA06150,H0NY12191,H2CA10210,H2TX26200,H4NC04123,H6GA23012,H8OR03102,H8WA03180,P00009936,P20005773		2019-03-13	2025-12-31
1beb75d9-632c-4a0c-a65b-2fd078e78c2f	Jason Elliott	Jason	elected	Council Member	SF	false	H6FL19210	DUPLICATED	814	883848.00	0	0.00	814	883848.00	0	0.00	387	427	0.5246	0	0.00	0.00		S4WV00399,H2MI13311,H0AR02206,H0CA10271,H0AR02131	Glenn Elliott	S4WV00399	CROSS	398223.00	427	5	H0FL14131,H0NV01052,H0NV01227,H2FL12065,H6FL19210,P80003643,S0KY00305		2019-10-24	2025-11-29
9a06535f-3e88-4fb5-b72e-8c78f6fd9a5a	Mayor Pro Tem José ''Chito'' Vela	José ''Chito''	elected	Council Member	AUS	true	H2TX27190	DUPLICATED	234	843360.00	0	0.00	234	843360.00	0	0.00	0	234	1.0000	0	0.00	0.00		H2TX27190	Filemon Vela	H2TX27190	CROSS	843360.00	234	1			2019-01-02	2023-02-16
ee6efab1-30b6-4ec7-9646-439497664d2c	Michelle Price	Michelle	elected	Council Member	AUS	false	H6NC04037	DUPLICATED	267	837250.00	0	0.00	267	837250.00	0	0.00	0	267	1.0000	1	2500.00	0.00		H6NC04037,H4GA06087	David Price	H6NC04037	CROSS	834750.00	267	2	H0NY22109,H6TN01511,H6TX02269,H8NC11103,P00009548,S0LA00428,S2MO00601		2019-01-03	2021-12-13
5b5fafaf-d031-4f04-91af-b762b2655784	Paul Lewis	Paul	elected	Council Member	AUS	false	H6NJ11302	DUPLICATED	220	746636.00	0	0.00	220	746636.00	0	0.00	85	135	0.6136	4	1000.00	5760.00		H6GA05217,S0MN00328,H6CA18172,H6MN02149,H2MD04323,H0AL05205,H8VA06138,H6FL02323,H0TX36021,H6NJ11302	John Lewis	H6GA05217	CROSS	416375.00	135	10	H0WA07147,H0WV03169,H2CO04151,H2MI03221,H2SC01143,H2TX19072,H4AZ08165,H4CA28093,H6ID02217,H8CA37079,H8IL02104,H8VA06195,P00007690,P00016204,P40012809,P40020240,P40020927,P40020935,P40020943,P60005717,P80006281,S2NC00679,S2WI00458		2019-01-02	2026-03-23
be2397e1-8b70-4539-acff-22d1be744298	Tammy J. Morales	Tammy	elected	Council Member	SEA	false	H6TX34056	DUPLICATED	609	745008.00	0	0.00	609	745008.00	0	0.00	141	468	0.7685	1	1000.00	0.00		H4OR03168,H4CA20132,H6NJ12383,H2FL09277,H6TX34056	Eduardo Morales	H4OR03168	CROSS	561006.00	468	5	H0MD03246,H4NC02168,H6CA43188,H8AZ02227,H8TX29045		2023-03-02	2026-03-03
a025dec0-73ba-4010-a0b3-73b820da2723	Elaine Hart	Elaine	elected	Council Member	AUS	false	S6KS00304	DUPLICATED	195	733612.00	0	0.00	195	733612.00	0	0.00	15	180	0.9231	0	0.00	0.00		H0IA02156,H4TX14111	Rita Hart	H0IA02156	CROSS	717262.00	180	2	H0WA02221,H2TN08077,H8NV03101,H8PA13109,S0SD00096		2019-06-18	2024-10-17
a1abd8c8-97cc-4df8-9b1b-f6d694b2050d	Paul Niemeyer	Paul	elected	Federal Judge	US	true		DUPLICATED	446	720866.00	0	0.00	446	720866.00	0	0.00	0	446	1.0000	0	0.00	0.00		H4IN01210	Randell Niemeyer	H4IN01210	CROSS	720866.00	446	1			2023-09-19	2024-11-05
dd94a6fb-145f-46a3-82c5-b3586bc41e87	Abigail Maher	Abigail	elected	Council Member	SF	false	H4NY04141	DUPLICATED	365	719298.00	0	0.00	365	719298.00	0	0.00	6	359	0.9836	0	0.00	0.00		H2CA22215,H4NY04141	Michael Maher	H2CA22215	CROSS	716548.00	359	2	H0NY02242,H8NY04050		2022-08-12	2024-11-21
1a1e4e8f-ff6c-4b1a-af26-2020ae9b6bee	Helen Daniels	Helen	elected	Council Member	SF	false	S6VA00184	DUPLICATED	674	689698.00	0	0.00	674	689698.00	0	0.00	233	441	0.6543	2	250.00	250.00		H4AL02162,H4TX30109,H2PA10124,H2CA07133,H0PA08197	Anthony Daniels	H4AL02162	CROSS	529393.00	441	5	H2MO01203,H2NJ04249,H6GA01125,H8TX04154		2020-01-30	2026-02-03
a7d6ec11-d008-4a09-8302-2eeefa32548c	Emily Villegas	Emily	elected	Council Member	AUS	false	H6CA22190	DUPLICATED	611	667509.00	0	0.00	611	667509.00	0	0.00	37	574	0.9394	117	0.00	115616.00		H6CA22190,H2IL03154	Randy Villegas	H6CA22190	CROSS	1108858.00	574	2			2021-12-09	2026-03-31
3c3794cc-ca5e-4394-ac08-9f4adaaf6bd2	Bill Reeves	Bill	elected	Council Member	AUS	false	S6VA00176	DUPLICATED	256	465226.00	0	0.00	256	465226.00	0	0.00	97	159	0.6211	1	0.00	1500.00		H6TN07187,S6VA00176,H0WA10042,H6MN05365,H2VA10216	Lee Reeves	H6TN07187	CROSS	289773.00	159	5	H4MN06152,H4TX33020,H6CA30235,H6IN01157,H6NC03161,P40016669		2020-01-07	2025-12-31
a2da7849-19ee-4de2-aae0-44fb2dfd850c	Terrence O'Brien	Terrence	elected	Federal Judge	US	true		DUPLICATED	502	448587.00	0	0.00	502	448587.00	0	0.00	0	502	1.0000	0	0.00	0.00		H4PA10088	Michael O'Brien	H4PA10088	CROSS	448587.00	502	1	H4MD01192,H8CA31122,P00005793,P00016576,S0NH00318		2023-09-01	2025-03-24
2fce6e3e-9b34-4981-88ca-3c518d54db65	Robin Harvey	Robin	elected	Council Member	AUS	false	H4SC04101	DUPLICATED	436	424149.00	0	0.00	436	424149.00	0	0.00	51	385	0.8830	0	0.00	0.00		H4SC04101,H4CO04249	Kathryn Harvey	H4SC04101	CROSS	368749.00	385	2	H0NJ02239,H0PA03347,H0TX13244,H2KY02133,H2MI03213,H4CA42110,H4NH02449,H6VA05241,P00006734,P00013755,P20005955,P40009425,P40012635,S2CO00332,S2MI00276,S4WI00272		2023-10-31	2024-11-04
7205bfe1-fcdc-46c7-862e-eeb66e9eee55	Adam Schaefer	Adam	elected	Council Member	SEA	false	S4NV00387	DUPLICATED	159	385511.00	0	0.00	159	385511.00	0	0.00	0	159	1.0000	0	0.00	0.00		H4MO03239	Kurt Schaefer	H4MO03239	CROSS	385511.00	159	1	H4CA45162,H4CA47150,H4FL04068,H6CA48385,S4NV00387		2024-03-22	2024-09-17
2a53f50c-028b-4e2d-a7e1-a2ace29e71ff	Emilia Sanchez	Emilia	elected	Council Member	SEA	false	S0NM00116	DUPLICATED	56	385000.00	0	0.00	56	385000.00	0	0.00	1	55	0.9821	20	5000.00	75800.00		H2CA39078,H4CA12188	Linda Sanchez	H2CA39078	CROSS	5015235.00	55	2	H0CA29115,H0CA34099,H0CO05111,H0NY05096,H0TX14242,H2NM01367,H4TX33012,H8NJ02299,P80009715,S2FL00623,S6CA00691		2023-01-12	2024-11-19
88e81973-3324-4dca-9f32-e7a2abfe8312	Trinh Bartlett	Trinh	elected	Council Member	AUS	false	H8NJ11167	DUPLICATED	250	377366.00	0	0.00	250	377366.00	0	0.00	7	243	0.9720	9	0.00	13550.00		H8NJ11167,H2CA49267	John Bartlett	H8NJ11167	CROSS	377016.00	243	2	H0TX11214		2022-03-08	2026-02-04
f2314fe1-c682-4252-91e7-c0785213c594	Noelle Simmons	Noelle	elected	Council Member	SF	false	H6IL09293	DUPLICATED	400	358389.00	0	0.00	400	358389.00	0	0.00	12	388	0.9700	26	0.00	12350.00		H6IL09293,H6FL18204,H0MO04235	Mike Simmons	H6IL09293	CROSS	379317.00	388	3	H2TX04157,H4OH11116,H4TX09145,H6NY08154,P00015537,P40008823,S0AZ00525,S6TX00495,S6TX00503		2020-08-14	2026-02-27
bfefaecb-7e00-47da-ab4c-b825c8e73a99	Barbara Kaufman	Barbara	elected	Council Member	SF	false	H2FL20043	DUPLICATED	219	346024.00	0	0.00	219	346024.00	0	0.00	0	219	1.0000	16	0.00	8400.00		H2FL20043	Joseph Kaufman	H2FL20043	CROSS	404949.00	219	1	H4FL23142,P40021909,P80006638		2024-02-08	2026-03-23
38cd5e63-be28-48dd-85ee-65e50774a937	Alex Zamora	Alex	elected	Council Member	AUS	false	H6NM03083	DUPLICATED	187	338474.00	0	0.00	187	338474.00	0	0.00	0	187	1.0000	13	0.00	10450.00		H6NM03083	Martin Zamora	H6NM03083	CROSS	391824.00	187	1	H6TX15113		2025-07-28	2025-12-31
853955d4-607e-472a-9c98-5e3438331c4d	Dennis Shedd	Dennis	elected	Federal Judge	US	true		DUPLICATED	101	301718.00	0	0.00	101	301718.00	0	0.00	0	101	1.0000	0	0.00	0.00		H8AZ01237	Tiffany Shedd	H8AZ01237	CROSS	301718.00	101	1			2019-07-24	2020-10-30
39e0b6a4-ab94-499e-a8a4-b815e9518e0f	Council Member Mike Siegel	Mike	elected	Council Member	AUS	true	H8TX10110	DUPLICATED	85	294676.00	0	0.00	85	294676.00	0	0.00	4	81	0.9529	0	0.00	0.00		H8TX10110,H0TX07188	Michael Siegel	H8TX10110	CROSS	283676.00	81	2	H0WV03185		2019-06-10	2020-11-24
aba19e76-731d-4f2d-9bb6-e99c20c441fb	Monica Guzman	Monica	elected	Council Member	SF	false	H4VA07275	DUPLICATED	157	204638.00	0	0.00	157	204638.00	0	0.00	0	157	1.0000	0	0.00	0.00		H4VA07275	Elizabeth Guzman	H4VA07275	CROSS	204638.00	157	1	H2AZ08219,P20005500		2023-11-27	2024-06-28
1f45e1ab-c489-4d04-91d4-6c5bac866adf	Donna Hood	Donna	elected	Council Member	SF	false	H4OH02271	DUPLICATED	71	197900.00	0	0.00	71	197900.00	0	0.00	7	64	0.9014	0	0.00	0.00		H4OH02271,H0OH18101	Ron Hood	H4OH02271	CROSS	173900.00	64	2	H0OH11114,H2TN04274,H8IN09123,P40011546		2021-05-20	2024-03-18
e8289b79-5deb-489b-8187-03f0a582aeaa	Richard Whipple	Richard	elected	Council Member	SF	false	H6NV04111	DUPLICATED	120	194890.00	0	0.00	120	194890.00	0	0.00	0	120	1.0000	19	0.00	19300.00		H6NV04111	Cody Whipple	H6NV04111	CROSS	286610.00	120	1	H6NC11289,P00010371		2025-04-05	2026-01-14
3bdc2bf3-a670-4270-b32f-a6ccdd159017	Danielle  Love	Danielle 	elected	Council Member	AUS	false	S0TX00308	DUPLICATED	269	190662.00	0	0.00	269	190662.00	0	0.00	109	160	0.5948	0	0.00	0.00		H4TX06224,S4NE00223,S4MI00504,S0TX00308	John Love	H4TX06224	CROSS	69274.00	160	4	H0HI02304,H2KS03091,H2TX26051,H2UT04023,H8AL02080,H8NV03192,H8WV03121,S2CA01292		2019-10-30	2024-12-18
c0c0903e-b862-4e4d-be9b-3ca23a2e3b3d	Norman Stahl	Norman	elected	Federal Judge	US	true		DUPLICATED	62	186909.00	0	0.00	62	186909.00	0	0.00	1	61	0.9839	0	0.00	0.00		H6TX06229,H2AZ04192	Brian Stahl	H6TX06229	CROSS	188590.00	61	2			2022-01-03	2026-02-23
0e6885fc-98f4-41fe-bc88-0af84d87f213	Sadie Spalding	Sadie	elected	Council Member	AUS	false	H6FL18121	DUPLICATED	250	183663.00	0	0.00	250	183663.00	0	0.00	0	250	1.0000	0	0.00	0.00		H0FL23090	Carla Spalding	H0FL23090	CROSS	185713.00	250	1	H6FL18121,P40008682		2020-09-25	2024-12-26
81df449d-bf0f-4728-b335-07352c8e06b3	Maureen Singleton	Maureen	elected	Council Member	SF	false	H4GA03076	DUPLICATED	73	183257.00	0	0.00	73	183257.00	0	0.00	0	73	1.0000	0	0.00	0.00		H4GA03076	Phillip Singleton	H4GA03076	CROSS	183257.00	73	1	H2GA12154		2024-01-04	2024-06-11
90158286-1ae6-49a5-a50d-2b995b1cac81	Luis Herrera	Luis	elected	Council Member	SF	false	H6MO05254	DUPLICATED	209	178024.00	0	0.00	209	178024.00	0	0.00	12	197	0.9426	2	0.00	2000.00		H4TX23120,H6MO05254	Brandon Herrera	H4TX23120	CROSS	232484.00	197	2	H0CA50244		2023-08-12	2026-02-24
2bfe40be-19b4-4d97-8c1e-552eb6b1aa21	Myrna Rios	Myrna	elected	Council Member	AUS	false	H6CA21234	DUPLICATED	125	164989.00	0	0.00	125	164989.00	0	0.00	0	125	1.0000	9	0.00	2930.00		H6CA21234	Lorenzo Rios	H6CA21234	CROSS	212416.00	125	1	H2CA42163,H2NC12211,H4MS03066,H6DC01012,H6IN07428,H6TX16210,P40007122		2025-07-11	2025-12-30
900f3a61-e3d6-4dbd-b482-9d113d209a7a	Lish Whitson	Lish	elected	Council Member	SEA	false	H6VA11215	DUPLICATED	168	155528.00	0	0.00	168	155528.00	0	0.00	0	168	1.0000	0	0.00	0.00		H6VA11215	Stewart Whitson	H6VA11215	CROSS	155528.00	168	1	S6TN00414		2025-06-16	2025-09-09
ddb784a2-811a-4e3c-9ece-54477aa7519e	Jocelyn Kane	Jocelyn	elected	Council Member	SF	false	H4TX07099	DUPLICATED	114	151628.00	0	0.00	114	151628.00	0	0.00	0	114	1.0000	0	0.00	0.00		H4TX07099	Caroline Kane	H4TX07099	CROSS	151628.00	114	1	H6FL19202,H6NY10184,H8OH12263		2023-03-14	2024-11-01
c14c880e-1a61-4d86-9998-d5c953035cb8	Sandra Campbell	Sandra	elected	Council Member	AUS	false	H6OH09149	DUPLICATED	114	133880.00	0	0.00	114	133880.00	0	0.00	24	90	0.7895	0	0.00	0.00		S4FL00637,H2TN05438,H4ND01051	Stanley Campbell	S4FL00637	CROSS	75130.00	90	3	H0CA15288,H0FL18223,H0FL18231,H0FL18249,H0IA05092,H0MA07054,H0OR02192,H0TN02108,H0WA09069,H2FL14293,H2MO04231,H2UT01276,H4TX38029,H4UT01132,H4VA08372,H6CA48039,H6MI13270,H6MI13288,H6PA05158,H8IN06160,H8MI09084,H8ND00104,P00005249,P40004616,P40013526,P40019648,P60005147,S6KY00377,S6LA00359,S8MD00328,S8ND00104		2022-08-04	2024-08-23
52b6e77f-f27e-4918-9796-cdaab37161e9	Mark Farrell	Mark	elected	Council Member	SF	false	H6UT01236	DUPLICATED	91	123734.00	0	0.00	91	123734.00	0	0.00	3	88	0.9670	13	0.00	11050.00		H6GA01083,H2NY21156,H6UT01236	Patrick Farrell	H6GA01083	CROSS	142520.00	88	3	H0IL17109		2021-09-15	2026-04-04
79e0909d-b560-4e4e-8ff1-ee6336af8c9e	Cynthia Goldstein	Cynthia	elected	Council Member	SF	false	H6MD06303	DUPLICATED	94	119072.00	0	0.00	94	119072.00	0	0.00	42	52	0.5532	0	0.00	0.00		H0CT04229,H6MD06303,H4CT04163,H0MA08045	Michael Goldstein	H0CT04229	CROSS	81772.00	52	4	H2NY10290,H6OH11160,P40006330		2020-06-18	2026-03-31
38f956c2-ad4d-40d4-bc6e-ca2cbe639a55	Ruben Aleman	Ruben	elected	Council Member	AUS	false	H6CA41315	DUPLICATED	192	103406.00	0	0.00	192	103406.00	0	0.00	0	192	1.0000	0	0.00	0.00		H6CA41315	Katherine Aleman	H6CA41315	CROSS	103406.00	192	1	P00016774		2025-07-14	2025-11-10
9abf2e2d-c049-431d-89b5-13a4193f7d62	Julius Richardson	Julius	elected	Federal Judge	US	true		DUPLICATED	127	93875.00	0	0.00	127	93875.00	0	0.00	10	117	0.9213	0	0.00	0.00		H4GA06145,H4MO06109,H0MI06186	Jerica Richardson	H4GA06145	CROSS	90075.00	117	3	H0CA07145,H0OH03111,H2IL12148,H2NC07112,H2SC07173,H4FL16195,H4FL18126,H4KY06205,H4PA01129,H6TX23240,H8CA07080,H8CA37137,H8FL07054,H8FL27060,P00006445,P00014993,P20001376,P40014623,P80008584,S2PA00620		2020-06-23	2024-05-17
266eec54-c361-4ded-a9c2-51223b3ac63f	Don Willett	Don	elected	Federal Judge	US	true		DUPLICATED	86	93250.00	0	0.00	86	93250.00	0	0.00	0	86	1.0000	0	0.00	0.00		S6KY00336	Joel Willett	S6KY00336	CROSS	93250.00	86	1	H6MO06294		2025-09-14	2025-12-19
57a93d76-13e9-4a22-af06-77192512acfb	Ketil Freeman	Ketil	elected	Council Member	SEA	false	S6SC04197	DUPLICATED	105	89194.00	0	0.00	105	89194.00	0	0.00	32	73	0.6952	0	0.00	0.00		H2KS04099,H4TN08123,H4OH11074,S6SC04197	Esau Freeman	H2KS04099	CROSS	55850.00	73	4	H0NE02177,H0NH01274,H2NM02183,H4DC00100,H6FL22081,H6OH11202,P00016139		2023-09-06	2025-08-31
71cf32f5-7213-4417-89c0-304df6fa381b	Becky Nagel	Becky	elected	Council Member	AUS	false	H6MN05357	DUPLICATED	108	65445.00	0	0.00	108	65445.00	0	0.00	0	108	1.0000	1	0.00	291.00		H6MN05357	John Nagel	H6MN05357	CROSS	66336.00	108	1			2025-11-10	2026-03-31
2c918fe5-7b1b-4977-a945-9981bd645e6b	Julia Joseph	Julia	elected	Council Member	AUS	false	H6FL20069	DUPLICATED	91	65242.00	0	0.00	91	65242.00	0	0.00	33	58	0.6374	4	0.00	2250.00		H6FL20069,S4FL00512,H2NC12278	Rodenay Joseph	H6FL20069	CROSS	72172.00	58	3	H2NY00069,H2NY12171,H6TX18240,P00008037,P00014647,S4NY00453		2023-01-06	2026-03-23
f499e354-4be1-423c-bf91-2168c0d45f32	Rob Lloyd	Rob	elected	Council Member	SEA	false	H4TX27089	DUPLICATED	94	56249.00	0	0.00	94	56249.00	0	0.00	0	94	1.0000	4	0.00	2750.00		H4TX27089	Tanya Lloyd	H4TX27089	CROSS	59249.00	94	1	H0MD05266,H4FL21088,P60004991		2023-12-05	2026-02-07
e283c9c8-d13c-4d61-97b8-ffad506d402e	Charice Pennie	Charice	elected	Council Member	SEA	false	H4TX03122	DUPLICATED	53	51744.00	0	0.00	53	51744.00	0	0.00	0	53	1.0000	0	0.00	0.00		H4TX03122	Demetrick Pennie	H4TX03122	CROSS	51744.00	53	1	H0TX18276,H0TX32053		2023-04-04	2024-02-05
