# SUPERSEDED by docs/audits/2026-09-18-fix1187-office-promotion-manifest-v2.tsv — this file names Marshall's survivor 27090d3a, which the 2026-09-17 23:20:46 UTC nightly promotion DELETED; cc-130 stopped set 2 on it. NOT AN AUTHORISATION ANY MORE.
# FIX-1187 — office-promotion manifest (shape B). THIS FILE IS AN AUTHORISATION.
#
# The five sitting Senators whose source_ids.fec_candidate_id carries a HOUSE
# CAND_ID. They are the complete class: a prod read on 2026-09-16 of every active
# elected row whose fec_candidate_id prefix disagrees with its role_title returned
# exactly these five, and each has exactly two candidate stubs — one holding the
# House id, one holding the Senate id. The Senate stub holds the live money.
#
# WHAT A ROW AUTHORISES, in one transaction:
#   1. survivor.source_ids.fec_candidate_id      <- current_id (the SENATE id)
#      survivor.source_ids.prior_fec_candidate_ids += prior_id (the HOUSE id)
#   2. merge senate_stub into survivor as an ordinary pair on current_id
#   3. retire current_id on senate_stub (fec_candidate_id -> merged_fec_candidate_ids)
#
# house_stub is listed for cross-reference ONLY and is NOT merged by this set. It
# is already an ordinary shape-A pair today, because the survivor's live
# fec_candidate_id IS the House id, so it rides the 151-row shared-id manifest
# (set 1). Keeping the two stubs in separate sets is load-bearing, not tidiness:
# _manifest is (survivor PRIMARY KEY, dup UNIQUE) because the merge SQL assumes
# 1:1, and two stubs for one survivor would move both stubs' colliding rows onto
# the survivor and violate financial_relationships_relcycle_unique. SET 1 MUST RUN
# BEFORE SET 2.
#
# EVIDENCE. Every Senate id was verified against the OpenFEC API on 2026-09-16
# (https://api.open.fec.gov/v1/candidate/<ID>/). The evidence column carries the
# returned name / state / office_full / party verbatim. A row with an empty
# evidence column is REFUSED by the script — shape B rewrites an identity, not
# just money, so the authorisation has to be per-row and checkable.
#
# The collision direction is expected to be the OPPOSITE of set 1's here: the
# Senate stub holds the live binding and the survivor's own 2024/2026 rows are
# stale May copies, so the dup should win most ties. cc-129 reports the split
# separately from set 1's rather than folding them together.
survivor	survivor_name	senate_stub	senate_stub_name	current_id	prior_id	house_stub	state	evidence
26876d52-5b98-4352-a560-361048d95cdc	Adam B. Schiff	2c0f0bd2-3b0c-4d12-a6a6-a6d9116485f3	Adam Schiff	S4CA00555	H0CA27085	41d2af4c-fc02-49f5-b296-868d3d171d48	CA	OpenFEC 2026-09-16 S4CA00555: name "SCHIFF, ADAM", state "CA", office "S" (Senate), party "DEM"
27090d3a-ed66-47de-8f45-24a262cf9e35	Roger Marshall	60f87348-1ffc-427f-b80c-5f416967cd41	Roger Marshall	S0KS00315	H6KS01179	ce2b114f-8406-4c84-91e9-c6454d11c897	KS	OpenFEC 2026-09-16 S0KS00315: name "MARSHALL, ROGER W", state "KS", office "S" (Senate), party "REPUBLICAN PARTY"
efd0cd51-0f21-4f54-a702-2aaf762a0368	Gary C. Peters	cdc8ae79-9603-49ee-8fc7-4a16a46df2e5	Gary Peters	S4MI00355	H8MI09068	b05ae301-41b0-4d76-b1fa-cca373262f0f	MI	OpenFEC 2026-09-16 S4MI00355: name "PETERS, GARY", state "MI", office "S" (Senate), party "DEM"
0fcc1b87-e6e3-4c00-8594-4e3a93d3cfc0	John R. Curtis	f073c8ba-f3bb-4100-aa23-06c65a4ef6dc	John Curtis	S4UT00282	H8UT03238	71a323fc-88ae-4329-8ccf-c561ebc8a083	UT	OpenFEC 2026-09-16 S4UT00282: name "CURTIS, JOHN", state "UT", office "S" (Senate), party "REPUBLICAN PARTY"
a911c906-1a02-4ba2-af8d-5dcca21c89fd	Cynthia M. Lummis	60bfd339-b9e1-41f9-beb0-b894c45419be	Cynthia Lummis	S0WY00137	H8WY00148	12b08a65-96b6-4b01-819a-4ae5a5711f1e	WY	OpenFEC 2026-09-16 S0WY00137: name "LUMMIS, CYNTHIA MARIE MRS.", state "WY", office "S" (Senate), party "REP"
